Артикул (Part No.),Наименование (RU),Description (EN),Description (ZH),"Цена, CNY без НДС",Группа,Взаимозаменяемый артикул,Источник,Разделы
00102634,,NUT,螺母,,,,NTE240,030-0060
00102635,,NUT,六角螺母,,,,NTE240,030-0020 030-0025 030-0040 040-0080 050-0240 090-0140 210-0413
00102637,,NUT,螺母,,,,NTE240,040-0070 040-0080 050-0030
00102639,,NUT,螺母,,,,NTE240,040-0070 040-0080
00103026,,NUT,六角螺母,,,,NTE240,050-0030
00103319,,LOCK WASHER,弹簧垫圈,,,,NTE240,020-0040 030-0060 030-0080 030-0180 050-0035 090-0050 090-0140 210-0413
00103320,,WASHER,弹垫,,,,NTE240,030-0040 030-0060 040-0080 050-0020 210-0413
00103328,,WASHER SPRING,弹簧垫圈,,,,NTE240,050-0040 050-0090
00103329,,LOCKWASHER,淬火垫圈,,,,NTE240,040-0020 040-0080 050-0030 050-0040 050-0090 050-0170 050-0250 070-0000 070-0020 070-0040 070-0070 100-0050 210-0230 210-0423
00103331,,LOCK WASHER,弹簧垫圈,,,,NTE240,020-0020 030-0040 040-0040 040-0070 040-0080 050-0090 050-0170 090-0160
00103332,,WASHER SPRING,弹簧垫圈,,,,NTE240,040-0000 050-0020 070-0070
00103339,,WASHER,垫圈,,,,NTE240,030-0040 030-0060 030-0180 050-0020 050-0035 090-0050 090-0140
00103340,,WASHER,平垫,,,,NTE240,030-0040 030-0060 040-0080
00103385,,,开口销,,,,NTE240,070-0040
00106263,,WASHER,平垫片,,,,NTE240,020-0020 020-0030 020-0110 020-0120 030-0040 030-0060 030-0160 030-0190 040-0010 050-0035 050-0080 050-0090 050-0250 100-0030 100-0120 100-0260 210-0230 210-0240 210-0350
00106265,,WASHER,平垫片,,,,NTE240,020-0020 030-0160 050-0030 050-0250 090-0150 100-0050 210-0230 210-0423
00106267,,WASHER,平垫片,,,,NTE240,020-0020 030-0040 040-0040 040-0070 050-0030
00106268,,WASHER,垫片,,,,NTE240,040-0060
00106269,,WASHER,垫圈,,,,NTE240,020-0010
00106270,,WASHER,垫片,,,,NTE240,020-0040 030-0130 030-0140
00108580,,WASHER,弹垫,,,,NTE240,020-0020 020-0040 030-0020 030-0030 030-0040 030-0060 030-0160 030-0190 040-0010 040-0020 040-0080 050-0035 050-0040 050-0080 050-0090 050-0110 050-0170 050-0180 050-0240 050-0250 090-0140 100-0030 100-0090 100-0120 150-0010 210-0230 210-0350 210-0413
00108686,,ELBOW,弯头,,,,NTE240,040-0010
00109084,,NUT,螺母,,,,NTE240,030-0180 050-0035 090-0050
00111001,,ADAPTER,弯接头,,,,NTE240,050-0020 070-0050
00111145,,CONNECTION ELBOW,弯接头,,,,NTE240,070-0050
00113188,,PLUG,螺堵,,,,NTE240,070-0050
00114503,,NUT,螺母,,,,NTE240,030-0040
00117959,,RUBBER GROMMENT,眼护圈,,,,NTE240,210-0350
00117966,,GROMMET,眼护圈,,,,NTE240,030-0020 030-0060 210-0350
00120350,,LOCK WASHER,弹簧垫圈,,,,NTE240,020-0040 030-0130 030-0140
00128003,,ADAPTOR,变径接头,,,,NTE240,210-0413
00137971,,ELBOW,弯头,,,,NTE240,040-0010
00138292,,BOLT,螺栓,,,,NTE240,050-0040
00140798,,JOINT,接头,,,,NTE240,100-0030
00144034,,ADAPTOR,接头,,,,NTE240,090-0140 100-0035
00145378,,SCREW,螺钉,,,,NTE240,020-0040 100-0190
00169162,,STEEL BALL,钢球,,,,NTE240,070-0070
00178551,,WASHER,内齿锁紧垫圈,,,,NTE240,030-0025
00179791,,BOLT,螺栓,,,,NTE240,030-0080
00179793,,BOLT,螺栓,,,,NTE240,040-0020
00179795,,BOLT,螺栓,,,,NTE240,050-0020 210-0413
00179797,,BOLT,螺栓,,,,NTE240,020-0040 030-0040 030-0060 030-0180 040-0080 050-0035 090-0050
00179816,,BOLT,螺栓,,,,NTE240,050-0020 210-0413
00179818,,BOLT,螺栓,,,,NTE240,030-0060 040-0080
00179833,,BOLT,螺栓,,,,NTE240,030-0040 210-0413
00179835,,BOLT,六角头螺栓,,,,NTE240,030-0025
00179837,,BOLT,螺栓,,,,NTE240,020-0040 030-0020 030-0030 030-0040 030-0160 040-0010 050-0040 050-0170 050-0240 100-0030 100-0090 100-0120 150-0010 210-0350
00179838,,BOLT,螺栓,,,,NTE240,030-0040 030-0060 040-0010 150-0010
00179839,,BOLT,螺栓,,,,NTE240,020-0020 030-0160 030-0190 040-0040 040-0070 050-0035 050-0040 050-0080 050-0090 090-0140 100-0120
00179841,,BOLT,螺栓,,,,NTE240,020-0020 020-0030 030-0040 030-0060 040-0010 040-0020 040-0080 050-0040 050-0090 050-0240 090-0140 100-0030 100-0260
00179843,,BOLT,螺栓,,,,NTE240,020-0020 020-0110 040-0080 210-0230 210-0240
00179845,,BOLT,螺栓,,,,NTE240,020-0020 020-0120 030-0160 040-0040 100-0030
00179847,,BOLT,螺栓,,,,NTE240,020-0020 040-0040 040-0070
00179860,,BOLT,螺栓,,,,NTE240,050-0040 050-0090
00179881,,BOLT,六角头螺栓,,,,NTE240,040-0080 050-0090 210-0230 210-0423
00179883,,SCREW,螺钉,,,,NTE240,020-0040 040-0020 040-0080 050-0040 070-0040
00179885,,CAPSCR,螺栓,,,,NTE240,020-0050 040-0080 050-0040 050-0090 090-0160 100-0050
00179887,,BOLT,六角头螺栓1/2-13UNC-1.75,,,,NTE240,030-0160 040-0080 050-0040
00179889,,BOLT,六角头螺栓1/2-13-2.00,,,,NTE240,030-0160
00179891,,CAPSCR,螺栓,,,,NTE240,020-0050
00179894,,BOLT,六角头螺栓,,,,NTE240,050-0030
00181426,,,,,,,NTE240,050-0250
00186285,,BOLT,螺栓,,,,NTE240,020-0020
00186485,,BOLT,六角头螺栓,,,,NTE240,050-0030
00186609,,BOLT,六角头螺栓,,,,NTE240,100-0120
00186628,,,,,,,NTE240,050-0250
00186635,,BOLT,螺栓,,,,NTE240,050-0030
00186646,,BOLT,六角头螺栓,,,,NTE240,050-0030 070-0000 070-0040
00186725,,CLIP,管夹,,,,NTE240,050-0170 070-0020
00186729,,BOLT,螺栓,,,,NTE240,050-0020
00186730,,BOLT,螺栓,,,,NTE240,040-0000 070-0040
00187491,,BOLT,六角头螺栓,,,,NTE240,050-0090
00218220,,ELBOW,弯头,,,,NTE240,020-0040
00218858,,ADAPTER,接头,,,,NTE240,040-0010
00220081,,NUT,螺母,,,,NTE240,040-0060
00220083,,1-8UNC NUT,螺母,,,,NTE240,030-0130 030-0140
00223433,,HEXAGON BOLT,六角头螺钉,,,,NTE240,020-0020 040-0070
00223435,,BOLT,螺栓,,,,NTE240,070-0000
00223436,,BOLT,螺栓,,,,NTE240,040-0000
00223437,,BOLT,螺栓,,,,NTE240,080-0010
00223438,,BOLT,螺栓,,,,NTE240,040-0000 070-0020
00223439,,BOLT,螺栓,,,,NTE240,080-0010
00223446,,BOLT,六角头螺栓,,,,NTE240,050-0030 070-0020
00223449,,,螺栓,,,,NTE240,070-0070
00223452,,BOLT,螺栓,,,,NTE240,070-0070
00223464,,BOLT,螺栓,,,,NTE240,050-0020
00223486,,BOLT,螺栓1-8UNC×2.75,,,,NTE240,030-0130
00223489,,BOLT,螺栓,,,,NTE240,030-0140
00223493,,BOLT,螺栓,,,,NTE240,020-0040
00271554,,BOLT,螺栓,,,,NTE240,020-0020 020-0125 040-0040
00271556,,BOLT,螺栓,,,,NTE240,020-0020 040-0040 040-0080 050-0170 090-0160
00271558,,BOLT,螺栓,,,,NTE240,020-0020 030-0040 090-0150
00271562,,BOLT,螺栓,,,,NTE240,020-0020 050-0090
00271563,,BOLT,,,,,NTE240,040-0080
00271564,,BOLT,螺栓,,,,NTE240,040-0070
00271613,,BOLT,螺栓,,,,NTE240,040-0060
00271621,,HEXAGON BOLT,六角头螺栓,,,,NTE240,020-0030 040-0060
00271702,,BOLT,螺栓,,,,NTE240,040-0000
00273469,,PLUG,螺塞,,,,NTE240,050-0020 100-0030
00273852,,NYLON NUT,自锁螺母,,,,NTE240,020-0040 040-0000
00274208,,NUT,螺母,,,,NTE240,020-0020 020-0030 030-0040 030-0060 030-0160 040-0010 040-0020 040-0040 040-0070 040-0080 050-0090 050-0250 100-0030 100-0120 210-0230 210-0240
00274209,,NUT,螺母,,,,NTE240,020-0040 020-0050 030-0160 070-0040 090-0160
00274210,,LOCK NUT,自锁螺母,,,,NTE240,020-0030 040-0060 050-0020
00274821,,LOCK WASHER,锁紧螺母,,,,NTE240,020-0020 050-0030 050-0090
00274856,,LOCKNUT,自锁螺母,,,,NTE240,030-0040 040-0020 040-0080
00427563,,BOLT,六角头螺栓,,,,NTE240,050-0030
00444679,,,螺堵,,,,NTE240,070-0040
00444688,,,堵头,,,,NTE240,070-0040
00454112,,ELBOW,弯头,,,,NTE240,100-0030
00454414,,BOLT,螺栓 注,,,,NTE240,070-0070 080-0010
00454989,,BOLT,螺栓,,,,NTE240,070-0020 070-0070
02278702,,CLAMP PIPE,管卡子,,,,NTE240,040-0020 070-0050
02301722,,CLAMP,夹子,,,,NTE240,090-0140
06350512,,BOLT,六角头螺栓,,,,NTE240,100-0120
06350620,,BOLT,螺栓,,,,NTE240,030-0020
06350625,,BOLT,六角头螺栓,,,,NTE240,210-0350
06350820,,BOLT,螺栓,,,,NTE240,090-0020
06350825,,BOLT,螺栓,,,,NTE240,090-0100
06351025,,BOLT,螺栓,,,,NTE240,090-0080 090-0130
06430601,,NUT,六角螺母,,,,NTE240,210-0350
06471001,,LOCK NUT,自锁螺母,,,,NTE240,090-0130
06525035,,VALVE-GAS,充气阀,,,,NTE240,050-0110 050-0180 070-0020 070-0070
06750967,,CAP-BREATHER GRID BOX AND MTG,呼吸器 电阻柜及安装,,,,NTE240,030-0080 100-0270
07150510,,WASHER,垫圈,,,,NTE240,020-0040
07150615,,WASHER,垫圈,,,,NTE240,050-0170
07150620,,A WASHER,型平垫圈,,,,NTE240,100-0120
07150815,,PLAIN WASHER,平垫圈,,,,NTE240,090-0020
07151020,,WASHER,平垫圈,,,,NTE240,030-0025
07160630,,WASHER,垫圈,,,,NTE240,050-0170
07160830,,LOCK WASHER,弹簧垫圈,,,,NTE240,020-0020
07161030,,WASHER,弹簧(锁紧)垫圈,,,,NTE240,030-0025
07161230,,LOCK WASHER,弹簧垫圈,,,,NTE240,090-0150 090-0160
07551826,,HOSE,热水管,,,,NTE240,090-0140
09008198,,WASHER HARDENED,淬火垫圈,,,,NTE240,070-0050 150-0010
09008525,,PLUG,磁性螺塞,,,,NTE240,050-0020
09014080,,P P-CLIP,夹子,,,,NTE240,020-0040 030-0030 040-0010 050-0090 090-0140 100-0030
09014798,,THREADED PAD,焊接螺母,,,,NTE240,100-0090
09014950,,ADAPTOR,接头,,,,NTE240,090-0140
09017439,,U U- CLAMP,型卡子,,,,NTE240,040-0050
09052234,,PLUG,螺堵,,,,NTE240,050-0170
09060202,,WASHER-HARD,淬火垫圈,,,,NTE240,030-0040 040-0080 050-0030 050-0090 050-0240 090-0140
09063065,,WASHER,垫圈,,,,NTE240,050-0040 050-0090
09077822,,BUFFER,缓冲垫,,,,NTE240,090-0080
09113457,,SAFETY SILK,安全铁丝,,,,NTE240,040-0040 070-0010
09114833,,TWISTED BRACKET,扭曲支架,,,,NTE240,100-0120
09123142,,WASHER,垫圈,,,,NTE240,100-0120
09131587,,CLAMP,夹子,,,,NTE240,210-0413
09131853,,CLAMP,管夹,,,,NTE240,030-0020 030-0160 040-0020 090-0140 100-0120
09131857,,CLAMP,卡子,,,,NTE240,030-0020 210-0350
09131861,,CLIP,管夹,,,,NTE240,040-0020
09131862,,CLAMP BACKFLOW PLATE ASSY,夹子 防回流板安装,,,,NTE240,210-0413
09131865,,P CLAMP,夹子,,,,NTE240,030-0020 050-0170 150-0010
09131873,,CLAMP,管夹,,,,NTE240,030-0160 100-0270
09131877,,P CLAMP,夹子,,,,NTE240,040-0010 040-0020
09136639,,ADAPTER,接头,,,,NTE240,050-0020 100-0030 100-0035
09141843,,PIPE,软管,,,,NTE240,020-0040
09141918,,O O RING,型圈,,,,NTE240,050-0040
09152890,,CLAMP,夹子,,,,NTE240,030-0020 100-0120 210-0350
09152893,,CABLE-P,夹子,,,,NTE240,030-0020 030-0030 050-0170 090-0140
09152894,,CAMP,夹子,,,,NTE240,030-0040 090-0140 210-0350
09152949,,P P-CLIP,夹子,,,,NTE240,020-0040
09155415,,CLAP,夹子,,,,NTE240,030-0030
09157292,,CLAMP,夹子,,,,NTE240,030-0020 100-0120
09167602,,FLANGE SPLIT,对开法兰,,,,NTE240,050-0040
09173928,,GROMMET,眼护圈,,,,NTE240,030-0020
09176228,,WASHER,垫圈,,,,NTE240,050-0020
09179837,,BOLT,螺栓,,,,NTE240,040-0020
09183203,,PLUG,塞子,,,,NTE240,050-0170
09183204,,PLUG,堵头,,,,NTE240,050-0170
09183206,,PLUG HYDRAULIC TANK AND MOUNTING,螺堵 液压油箱及安装,,,,NTE240,050-0020 050-0090
09184379,,GROMMET RUBBER,橡胶垫,,,,NTE240,090-0150
09186377,,RUBBER WASHER,胶垫,,,,NTE240,050-0020
09187694,,WASHER,垫圈,,,,NTE240,050-0020
09191596,,WASHER,六角头螺栓,,,,NTE240,040-0080 050-0170 080-0010
09215330,,ADAPTER,接头,,,,NTE240,040-0050
09250715,,WASHER,垫圈,,,,NTE240,050-0080 070-0040 070-0070 080-0010
09251163,,FUEL TANK CAP,油箱盖,,,,NTE240,020-0040
09251501,,BRACKET,支架,,,,NTE240,040-0010 040-0020 100-0030 100-0120 210-0413
09253512,,WASHER HARDENED,淬火垫圈,,,,NTE240,070-0050
09255731,,BRACKET,支架,,,,NTE240,030-0040
09267660,,WASHER,垫圈,,,,NTE240,050-0030
09267949,,LOCK WASHER,淬火垫圈,,,,NTE240,050-0030
09268885,,LOCK,锁,,,,NTE240,020-0040
09269632,,WASHER,垫圈,,,,NTE240,020-0040
09270000,,"WSHR,FL,HARDND",平垫圈,,,,NTE240,020-0050 040-0020 040-0080 050-0040 050-0090 070-0000 070-0020 070-0040 090-0160
09271069,,DECAL-HOOK,吊钩贴片,,,,NTE240,100-0180
09365767,,CLIP,尼龙卡带,,,,NTE240,210-0413
09379264,,CLIP,尼龙卡带,,,,NTE240,210-0413
09398392,,THERMOSTAT- EVAPORATOR,芯体温度传感器,,,,NTE240,090-0100
09402711,,ADAPTER,接头,,,,NTE240,040-0010 100-0030
09402713,,ADAPTER,接头,,,,NTE240,040-0010 040-0020
09402828,,ELBOW FAST FILLING RECEI,弯头 快速充注接头,,,,NTE240,100-0030
09409982,,FLANGE SPLIT,对开法兰,,,,NTE240,050-0040 050-0090
09409983,,FLANGE SPLIT,对开法兰,,,,NTE240,050-0040 050-0090
09409984,,FLANGE SPLIT,对开法兰,,,,NTE240,050-0040 050-0090
09409985,,FLANGE SPLIT,对开法兰,,,,NTE240,050-0040 050-0090
09410968,,O O RING,型圈,,,,NTE240,050-0040 050-0090
09410969,,O O RING,形圈,,,,NTE240,050-0040 050-0090
09410970,,O O RING,型圈,,,,NTE240,050-0040 050-0090
09410971,,O RING,形圈,,,,NTE240,050-0040 050-0090
09411742,,ADAPTER,接头,,,,NTE240,040-0010
09414567,,BOLT,螺栓,,,,NTE240,020-0040
15008253,,BOLT,螺栓,,,,NTE240,050-0080
15011957,,JOINTS,弯头,,,,NTE240,050-0240
15016186,BALL-VALVE--,BALL VALVE,球阀,298.21,Гидравлическая система,,NTE240,050-0020
15030333,WASHER---,WASHER,垫圈,3.86,,,NTE240,050-0020 210-0350
15030697,,WASHER,垫圈,,,,NTE240,040-0020
15030856,NUT---,NUT,螺母,3.86,,,NTE240,090-0050
15030859,WASHER,WASHER,垫圈,0.23,,,NTE240,090-0130
15030885,,NUT,螺母,,,,NTE240,030-0020 030-0025 090-0050 090-0100 100-0120
15030910,WASHER,WASHER,垫圈,0.09,,,NTE240,030-0025 030-0190 090-0050 090-0080
15036004,,NUT,螺母,,,,NTE240,020-0020
15036005,BOLT---,BOLT,螺栓,3.86,,,NTE240,050-0170
15036006,WASHER---,WASHER,弹簧垫圈,1.93,,,NTE240,030-0070 050-0170 090-0020 090-0050 090-0100 090-0140 090-0180
15036015,,ROCK EJECTOR POLE,螺母,,,,NTE240,210-0240
15036016,WASHER---,WASHER,垫圈,1.93,,,NTE240,030-0020 030-0025 090-0050 090-0100 100-0120
15036017,,PLAINWASHER,平垫圈,,,,NTE240,030-0025 090-0100 100-0120 210-0240
15036029,WASHER,WASHER,垫圈,1.93,,,NTE240,050-0040 050-0090 210-0920
15036037,SPRING-WASHER--,,,3.86,,,NTE240,050-0250
15036051,WASHER---,WASHER,垫圈,3.86,,,NTE240,090-0150 090-0160 210-0920
15036067,NUT---,NUT CNX CNX HARNESS MTG,螺母 线束及安装,3.86,,,NTE240,030-0025 030-0190 090-0080 100-0120
15036068,SPRING WASHER,WASHER,垫圈,0.18,,,NTE240,030-0025 030-0190 090-0050 090-0080 090-0140 100-0120
15036074,WASHER,WASHER,垫圈,1.2,,,NTE240,030-0020
15036082,PLAIN-WASHER--,PLAIN WASHER,平垫,1.93,,,NTE240,090-0080 090-0140
15036083,WASHER---,WASHER,垫圈,1.93,Метизы,,NTE240,050-0020 050-0090 090-0080 090-0140
15036097,WASHER---SPRING-,WASHER SPRING,弹簧垫圈,1.93,,,NTE240,040-0000 050-0040
15036112,WASHER,WASHER SPRING,弹簧垫片,0.4,,,NTE240,040-0000
15036120,BOLT---,BOLT,螺栓,3.86,,,NTE240,050-0040
15036140,NUT---,NUT MIRROR MOUNTING RH,螺母 右后视镜安装,1.93,Электрооборудование,,NTE240,090-0150 090-0160
15036144,WASHER---,WASHER,垫圈,3.86,,,NTE240,050-0040
15036145,PLAIN-WASHER--,WASHER,垫圈,1.93,,,NTE240,040-0020
15036177,NUT---,NUT,螺母,1.93,,,NTE240,050-0170 090-0020 090-0100 090-0140
15036178,,BOLT,螺栓,,,,NTE240,020-0020
15036182,NUT---,NUT,螺母,1.93,,,NTE240,090-0140
15036212,SPRING WASHER,PLAIN WASHER,平垫圈,0.08,,,NTE240,090-0140 100-0120
15036215,,WASHER,垫圈,,,,NTE240,030-0025 100-0120
15036216,WASHER---,WASHER,垫圈,1.75,,,NTE240,030-0025
15036224,BOLT---,BOLT,螺钉,3.47,Кабина,,NTE240,090-0050
15036240,,NUT,螺母 六角头螺栓全螺,,,,NTE240,030-0025 090-0050 100-0120 100-0180
15036241,WASHER,WASHER,垫圈,1.75,,,NTE240,030-0025 090-0050 100-0120 100-0180
15036242,WASHER---,WASHER,垫圈,1.75,,,NTE240,030-0025
15036279,BOLT---,BOLT,六角头螺栓,1.75,,,NTE240,030-0025 090-0080 100-0120
15036281,WASHER---,WASHER,垫圈,3.47,,,NTE240,020-0020 090-0050 090-0100 090-0140 090-0180
15036284,,BOLT,螺栓,,,,NTE240,050-0170
15036285,NUT---,NUT,螺母,1.93,,,NTE240,030-0025 090-0140 100-0120
15036288,BOLT---,BOLT,螺栓,1.75,Метизы,,NTE240,050-0020 050-0090 090-0080
15036321,BOLTM12*35,BOLT,螺栓,2.17,,,NTE240,210-0920
15036338,BOLT---,BOLT,螺栓,3.47,,,NTE240,090-0180
15036344,PLAIN-WASHER--,WASHER,垫圈,1.93,,,NTE240,030-0020 210-0350
15036356,,BOLT,螺栓,,,,NTE240,090-0140
15036398,,BOLT,纹,,,,NTE240,030-0025
15036445,,BOLT,螺栓,,,,NTE240,050-0040
15036455,,BOLT,螺栓,,,,NTE240,100-0180
15036470,BOLT---,SCREW,螺钉,3.59,,,NTE240,030-0025
15036516,,SCREW,螺钉,,,,NTE240,030-0020 030-0025 090-0050 090-0100 100-0120 210-0240
15036572,BOLT,BOLT,螺栓,0.5,,,NTE240,100-0120
15036590,SCREW---,SCREW,螺钉,3.86,,,NTE240,050-0020
15036635,,SCREW,螺钉,,,,NTE240,090-0140
15036684,,BOLT,螺栓,,,,NTE240,020-0020 040-0020
15036689,INNER-HEX-BOLT-,SCREW,螺钉,3.86,,,NTE240,100-0120
15036694,,CONNECTOR,接头,,,,NTE240,100-0100
15036726,BOLT---,BOLT,螺栓,5.19,,,NTE240,050-0040
15036870,Large washer,PLAIN WASHER,,0.91,,,NTE240,040-0080
15036880,,BOLT,螺栓,,,,NTE240,090-0140
15036904,BOLT---,BOLT,螺栓,3.47,,,NTE240,090-0050
15036925,,WASHER,垫片,,,,NTE240,040-0000
15037080,BOLT---,BOLT,螺栓,3.47,,,NTE240,090-0140
15037109,BOLT---,BOLT,螺钉,3.47,,,NTE240,030-0190
15037117,BOLT---,SCREW,螺钉,3.47,,,NTE240,030-0025 090-0050
15037124,COTTER PIN,SPLIT PIN,开口销,0.78,,,NTE240,210-1520
15037168,BOLT---,BOLT,螺钉,15.58,,,NTE240,050-0090
15037228,,NUT,六角螺母C 级,,,,NTE240,100-0120
15037265,Болт,BOLT,螺栓,1.87,,,NTE240,020-0020
15037266,BOLT---,SCREW,螺钉,3.47,,,NTE240,020-0040
15037292,,BOLT,螺栓,,,,NTE240,040-0000
15037361,BOLT---,BOLT,螺栓,3.47,,,NTE240,090-0140
15037464,BOLT---,BOLT,螺栓,13.86,Метизы,,NTE240,050-0020
15037491,BOLT---,BOLT,螺栓,20.78,,,NTE240,050-0090
15037496,,SCREW,螺钉,,,,NTE240,100-0120
15037502,PIN---,,销子,27.69,,,NTE240,070-0040
15037510,SCREW---,SCREW,螺钉,21.09,Гидравлическая система,,NTE240,050-0020 050-0250
15037512,NUT-ACORN---,,盖形螺母,24.95,,,NTE240,070-0040
15037575,,BOLT,螺栓,,,,NTE240,080-0010
15037580,,,,,,,NTE240,080-0000
15037587,U-BOLT-,U U CLAMP,型夹子,13.86,,,NTE240,090-0150 090-0160
15037589,,SCREW,螺钉,,,,NTE240,090-0050 100-0120
15037624,,EYEBOLT,吊环,,,,NTE240,090-0010
15037646,BOLT,BOLT,螺栓,98.5,Кузов,,NTE240,040-0000
15037704,BOLT,BOLT,螺钉,20.17,Кабина,,NTE240,090-0050
15037714,,WASHER,垫圈,,,,NTE240,080-0000
15037796,,,,,,,NTE240,080-0000
15037804,,BOLT,螺栓,,,,NTE240,040-0040
15037816,,NUT BOLT,螺钉,,,,NTE240,100-0030
15037818,PINSPRING,,弹簧销,77.53,,,NTE240,070-0040
15037820,,WASHER,平垫片,,,,NTE240,040-0000
15037833,,,螺栓,,,,NTE240,070-0040
15037846,,BOLT,螺栓,,,,NTE240,050-0080
15037861,,WASHER,垫片,,,,NTE240,080-0000
15037863,,WASHER,垫片,,,,NTE240,040-0000
15037865,Шайба,WASHER SPRING,弹簧垫片,15.65,,,NTE240,040-0000
15037866,,,,,,,NTE240,080-0000
15037878,,BOLT,螺栓,,,,NTE240,020-0040
15037886,,BOLT,螺栓,,,,NTE240,020-0040
15037892,,,,,,,NTE240,080-0000
15037896,,CIRCLIP,卡簧,,,,NTE240,050-0080
15037897,,BEARING,轴承,,,,NTE240,050-0080
15037919,,BOLT,螺栓,,,,NTE240,040-0000
15038011,,BOLT,螺栓,,,,NTE240,050-0110 050-0180
15039821,,BOLT,螺栓,,,,NTE240,020-0030
15041177,COVER-BOARD--,CO BOARD CAB INSTRUMENTS ASSEMBLY,盖板 驾驶室仪表安装,1.2,Кабина,,NTE240,090-0050
15042116,WASHER-SEAL---,WASHER-SEAL,组合垫圈,21.09,,,NTE240,030-0190
15230178,PLUG-OIL LEVEL,WINDOW NUT,视窗螺母,202.18,,,NTE240,100-0270
15232081,,T-CLIP,夹子,,,,NTE240,020-0040
15237161,COMB-SWITCH--,COMB SWITCH,组合开关,406.23,Электрооборудование,,NTE240,090-0050
15240020,,PLATE,隔圈,,,,NTE240,020-0020
15244364,,RUBBER STRIP CAB AIR PRESSURIZER,橡胶条 驾驶室增压器,,,,NTE240,210-0423
15244929,,ADAPTOR,接头,,,,NTE240,050-0090
15251936,ADAPTER,ADAPTOR,接头,22.79,Гидравлическая система,,NTE240,050-0090 050-0170
15251938,ADAPTOR,ADAPTOR,接头,8.39,,,NTE240,050-0170
15251939,ADAPTER---,ADAPTER,接头,57.54,,,NTE240,050-0020
15251944,,ELBOW,弯头,,,,NTE240,050-0090 050-0170
15251951,TEE,TEE,三通,43.17,Гидравлическая система,,NTE240,050-0090
15251982,JOINT,ADAPTOR,接头,9.59,Гидравлическая система,,NTE240,050-0090 050-0170
15252203,,L BRACKET CAB ELECTRICAL MTG,支架 驾驶室电气安装,,,,NTE240,030-0020
15252695,,ELBOW,弯头,,,,NTE240,050-0040 050-0090
15252849,,ADAPTOR,接头,,,,NTE240,050-0090
15252902,CONNECTOR---,TEE,三通,627.12,,,NTE240,050-0090 050-0170
15252983,ELBOW,ELBOW,弯头,29.98,Гидравлическая система,,NTE240,050-0090 050-0170
15252996,Уголок,ADAPTOR,接头,84.79,,,NTE240,050-0170
15253039,PIPE CONNECTION,ADAPTOR,接头,20.39,Гидравлическая система,,NTE240,050-0170
15253042,,ADAPTOR,接头,,,,NTE240,050-0170
15253043,,ADAPTOR,接头,,,,NTE240,050-0170
15253073,TEE,TEE,三通,64.76,Гидравлическая система,,NTE240,050-0170
15253128,,TEE,三通,,,,NTE240,050-0170
15253129,ELBOW CONNECTION,ELBOW,弯头,274.63,Гидравлическая система,,NTE240,050-0090
15253242,Уголок,ELBOW,弯头,160.05,Гидравлическая система,,NTE240,050-0090
15253647,,ELBOW,弯头,,,,NTE240,050-0090 050-0170
15255442,ELBOW,,,40.77,Гидравлическая система,,NTE240,050-0170
15255698,,LADDER ASSY,梯子总成,,,,NTE240,020-0020
15256377,,ADAPTOR,接头,,,,NTE240,050-0170
15256538,TEE,TEE,三通,56.36,Гидравлическая система,,NTE240,050-0170
15256731,BOLT,BOLT,螺栓,8.85,,,NTE240,020-0030
15256755,,ADAPTOR,接头,,,,NTE240,050-0170
15257770,KEYSWITCH,KEY SWITCH,钥匙开关,524.07,Кабина,,NTE240,090-0050
15258458,,CLAMP,鞍型卡子,,,,NTE240,090-0160
15258543,,BOLT,螺栓,,,,NTE240,050-0040
15266829,#N/A,INDICATOR,指示器,299.31,Гидравлическая система,,NTE240,050-0010
15301115,,,,,,,NTE240,050-0170
15301423,RUBBER STRIP,RUBBER PLATE,橡胶板,35.98,,,NTE240,210-0240
15301424,PLATE,PLATE,板,6.52,,,NTE240,210-0240
15301637,SPIRALGUARD---,GRANT,螺旋护套,44.11,Гидравлическая система,,NTE240,030-0160 050-0170
15301699,LOAD BREAK SWITCH,LB WITCH,装载制动开关,271.98,Электрооборудование,,NTE240,090-0050
15303679,,CABLE TIE,电缆卡带,,,,NTE240,210-0350
15308924,Хомут Ø110,CLAMP,卡箍,280.47,,,NTE240,210-0920
15318915,REVERSE ALARM,RE SE ALARM,倒车报警,1624.73,Электрооборудование,,NTE240,030-0060
15334791,,ELBOW,弯头,,,,NTE240,100-0030
15366005,BOLT---,BOLT,螺栓,3.86,,,NTE240,030-0070
2000357,,VALVE THROTTLE,节流阀,,,,NTE240,050-0130
2000358,,VALVE THROTTLE,节流阀,,,,NTE240,050-0130
2000359,,VALVE THROTTLE,节流阀,,,,NTE240,050-0130
20004081,SWITCH,SWITCH TOGGLE,拨动开关,274.49,,,NTE240,030-0025 030-0190
20010861,PLUG---,PLUG,堵头,5.77,Гидравлическая система,,NTE240,050-0090 050-0170
20011051,ACCUMULATOR,RESERVOIR,储液器,396.11,Фильтр,,NTE240,090-0140
20011062,·CLAMP---,CLAMP,夹子,153.43,,,NTE240,090-0100
20011442,Вентиляционная решетка,VENT STEERING COLUMN/WHEEL MTG TE： Item are subparts of the air conditioner assembly,出风口 转向柱总成,200.69,,,NTE240,090-0100
20011445,·CONNECTOR---,CONNECTOR,接头,40.27,,,NTE240,090-0100
20011446,·CONNECTOR---,CONNECTOR,接头,46.02,,,NTE240,090-0100
20011450,·EXPANSION-VALVE--,EXPANSION VALVE,膨胀阀,320.27,Кабина,,NTE240,090-0100
20011454,AIR BLOWER (USE FOR NEW CAB),BLOWER UNIT,风机,1956.13,Кабина,,NTE240,090-0100
20011733,,SWITCH-DOOR,门触点开关,,,,NTE240,090-0010
20011735,SPRINKLE-HOSE,TUBE,喷水软管,21.98,Кабина,,NTE240,090-0010
20011737,,GROMMET,橡胶圈,,,,NTE240,090-0010
20011738,,GRILLE-SPEAKER,扬声器罩,,,,NTE240,090-0010
20011989,O-RING-,O •O RING,型圈,3.86,,,NTE240,090-0140
20011990,O-RING-,O •O RING,型圈,3.86,,,NTE240,090-0140
20011991,O-RING-,O •O RING,型圈,5.77,,,NTE240,090-0140
20011992,O-RING-,O •O RING,型圈,5.77,,,NTE240,090-0140
20011993,O-RING-,O •O RING,型圈,3.86,,,NTE240,090-0140
20011994,"·· PRESSURE
SWITCH",SWITCH-PRESS,压力开关,197.01,,,NTE240,090-0140
20013207,·FASTENING-SCREW--,FASTENING SCREW,顶丝,17.27,,,NTE240,050-0140
20018486,REDUCER UNION,ELBOW,弯头,162.78,Гидравлическая система,,NTE240,050-0090
20019927,ADAPTER,PLUG,螺堵,39.84,Гидравлическая система,,NTE240,050-0040
20020654,,DRY TANK,干粉罐总成,,,,NTE240,100-0100
20020655,,GAS CARTRIDGE,氮气瓶总成,,,,NTE240,100-0100
20020657,,V V-NOZZLE,型喷头,,,,NTE240,100-0100
20020660,,SAFETY VALVE,安全阀,,,,NTE240,100-0100
20020664,,EOL DEVICE,末端匹配电阻总成,,,,NTE240,100-0100
20020666,,LINEAR,感温线,,,,NTE240,100-0100
20020827,,ELBOW,弯接头,,,,NTE240,030-0080 100-0100
20020828,,1JN-10-08 CONNECTOR,接头,,,,NTE240,100-0100
20020831,,1JN9-12 CONNECTOR,接头,,,,NTE240,100-0100
20020832,,7N9-08PK ELBOW,弯头,,,,NTE240,100-0100
20021710,ADAPTER,ADAPTOR,接头,257.45,Гидравлическая система,,NTE240,050-0090
20022909,TEE,TEE,三通,340.69,,,NTE240,050-0090
20023197,·BRACKET---,BRACKET-RESERVOIR,储液器支架,55.6,,,NTE240,090-0140
20023934,RESISITANCE INDICATOR,RESISTANCE SENSOR,阻力传感器,91.77,,,NTE240,040-0040
20024064,ADPTER,ADAPTOR,直接头,34.1,,,NTE240,030-0080
20024403,,CONNECTOR,隔板接头,,,,NTE240,100-0100
20024462,,ADAPTER,接头,,,,NTE240,040-0010
20024549,·DUST-PROOF-RING--,DUST-PROOF RING,防尘圈,297.25,рулевое управление,,NTE240,050-0140
20024550,·SEAL---,SEAL,密封圈,274.25,рулевое управление,,NTE240,050-0140
20024551,·RETAINER-RING--,RETAINER RING,挡圈,93.98,рулевое управление,,NTE240,050-0140
20024552,·SEAL---,SEAL,密封圈,205.21,рулевое управление,,NTE240,050-0140
20024553,·WEARING-RING--,WEARING RING,耐磨环,122.75,рулевое управление,,NTE240,050-0140
20024554,·SEAL---,SEAL,密封圈,251.23,рулевое управление,,NTE240,050-0140
20024555,·RETAINER-RING--,RETAINER RING,挡圈,99.74,рулевое управление,,NTE240,050-0140
20024556,·SEAL---,SEAL,密封圈,667.39,рулевое управление,,NTE240,050-0140
20024557,·WEARING-RING--,WEARING RING,耐磨环,199.45,рулевое управление,,NTE240,050-0140
20024558,O-RING-,O ·O RING,型圈,17.27,рулевое управление,,NTE240,050-0140
20024903,,LEFT LIGHT SHIELD,左后照灯护罩,,,,NTE240,030-0060
20024904,,RIGHT LIGHT SHIELD,右后照灯护罩,,,,NTE240,030-0060
20025231,,ADAPTOR,接头,,,,NTE240,050-0170
20025724,REFLECTOR,SHINE PLATE,发光片,9.59,,,NTE240,210-0240
20026392,BELT,BELT,皮带,165.83,Cummins,,NTE240,090-0140
20026434,,BRACKET-COMPRESSOR,压缩机支架,,,,NTE240,090-0140
20026495,·HINGE ASSY,HINGE ASSY,门铰链总成,2042.03,,,NTE240,090-0010
20026530,BASE ASSY - AUXILIARYSEAT,BASE ASSY PASSENGER SEAT,副座椅基座总成,1568.99,,,NTE240,090-0080
20026531,LOCK ASSY - AUXILIARY SEAT,LOCK ASSY PASSENGER SEAT,副座椅固定锁总成,234.67,,,NTE240,090-0080
20026539,,WINDOW WATER BAR,玻璃挡水条,,,,NTE240,090-0030 090-0040
20026542,,SEAL STRIP,门密封条,,,,NTE240,090-0030 090-0040
20026675,··RETAINING RING,RETAINING RING NOTE: A.PARTS,挡圈,370.98,,,NTE240,070-0020
20026676,·DUST RING,,,2380.78,,,NTE240,070-0020
20026678,·DUST RING,,,2695.0,,,NTE240,070-0020
20026679,•PLUG,PLUG,堵,11.44,,,NTE240,070-0020 070-0070
20027127,"ARM,STEERING---","ARM,STEERING",转向臂,62253.3,,,NTE240,070-0030
20027128,"RING,RETAINING---","RING,RETAINING",卡环,153.43,,,NTE240,070-0030
20027129,"RING,RETAINING---","RING,RETAINING A",卡环,24.95,,,NTE240,070-0030
20027226,CYLINDER---,STEERING CYLINDER,转向缸总成,34901.7,рулевое управление,,NTE240,050-0140 070-0030
20027227,·TUBE-ASSY--,TUBE ASSY STEERING MINIFOLD,缸筒总成 转向组合阀,17655.72,,,NTE240,050-0140
20027341,VALVE,SOLENOID VALUE,电磁阀,4409.58,Гидравлическая система,,NTE240,050-0240
20027580,CLAMP,CLAMP,,34.1,,,NTE240,070-0020
20027581,CLAMP,CLAMP,,43.64,,,NTE240,070-0020
20027920,REDUCING FLANGE - OIL SUCTION FILTER,REDUCING FLANGE,吸油过滤器过渡法兰,2954.23,Гидравлическая система,,NTE240,050-0020
20027921,MULTIPLE PLATE OIL SUCTION,MULTIPLE PLATE OIL SUCTION,吸油多路板,4755.87,Гидравлическая система,,NTE240,050-0020
20027922,SEAT - FROTH BREAKER,SEAT FROTH BREAKER,回油消泡器座,3669.58,Гидравлическая система,,NTE240,050-0020
20027923,MULTIPLE PLATE - OIL RETURN,MULTIPLE PLATE OIL RETURN,回油多路板,3925.1,,,NTE240,050-0020
20027924,GASKET,GASKET,密封垫,217.73,Гидравлическая система,,NTE240,050-0020
20027925,FROTH BREAKER - OIL RETURN,FROTH BREAKER OIL RETURN,回油消泡器,792.54,Фильтр,,NTE240,050-0020
20027926,BUTTERFLY BAMPER - MANUAL,BUTTERFLY BAMPER MANUAL,手动蝶阀,2403.56,,,NTE240,050-0020
20027943,TUBE-ASSY--,TUBE ASSY,管总成,262.75,Гидравлическая система,,NTE240,050-0040
20027944,TUBE-ASSY--,TUBE ASSY,管总成,350.44,Гидравлическая система,,NTE240,050-0040
20027947,HOSE ASSY,TUBE ASSY DOUBLE GEAR PUMP,管总成 双联齿轮泵,246.11,Гидравлическая система,,NTE240,050-0040
20027965,CLIP-ASSY--,,夹子总成,968.48,,,NTE240,070-0040
20027966,CLIP-ASSY---,,夹子总成,1344.36,,,NTE240,070-0040
20027995,CONNECTION - ELBOW,CONNECTION ELBO,弯接头,72.01,,,NTE240,080-0010
20027996,CONNECTOR,CONNECTOR,接头,20.87,,,NTE240,080-0010
20028019,O-RING--,O O-RING,形圈,995.51,,,NTE240,150-0010
20028088,PLUG-RCEPTACLE--,PLUG RCEPTACLE,插头和插座,19636.07,,,NTE240,210-0413
20028089,"1/2""-GRIP--",GRIP,电缆夹1,263.27,,,NTE240,210-0413
20028090,"1/2""-LOCKNUT--",LOCKNUT,锁止螺母1,61.08,,,NTE240,210-0413
20028091,CABLE---,CABLE,电缆,26.47,,,NTE240,210-0413
20028092,CABLE---,CABLE,电缆,6.23,,,NTE240,210-0413
20028093,GRIP---,GRIP,"电缆夹3/4""",106.35,,,NTE240,210-0413
20028095,GRIP---,GRIP,"电缆夹1/2""",49.88,,,NTE240,210-0413
20028096,NUT,NUT,密封锁紧螺母,17.06,,,NTE240,030-0080 210-0413
20028097,CONTROL-BOX--,CONTROL BOX,动力分配箱总成,8551.35,,,NTE240,210-0413
20028104,BOX-TERMINAL---,BOX-TERMINAL,接线盒总成,2923.74,,,NTE240,210-0413
20028108,RING-TERMINAL---,RING-TERMINAL,环端子,16.31,,,NTE240,210-0413
20028109,MASTER SWITCH,CABLE-KEY SWITCH,钥匙开关电缆,688.66,Электрооборудование,,NTE240,030-0040
20028110,INSULATOR,INSULATOR,绝缘子,56.88,Электрооборудование,,NTE240,030-0040
20028263,SWITCH-PRESSURE,SWITCH-PRESSURE,压力开关,857.35,Электрооборудование,,NTE240,030-0190
20028265,SWITCH-PRESSURE,SWITCH-PRESSURE,压力开关,857.35,Электрооборудование,,NTE240,030-0190
20028266,SWITCH-PRESSURE,SWITCH-PRESSURE ENGINE AND ALTERNATOR MOUNTING,压力开关 发动机与发电机安装,1029.54,Электрооборудование,,NTE240,030-0190
20028268,SWITCH-TEMPERATURE,SWITCH-T,温度开关,2100.7,Тормозная система,,NTE240,030-0190
20028377,CLAMP---,CLAMP,,972.32,,,NTE240,040-0080
20028460,FLANGE,FLANGE,传动轴法兰,1220.69,Гидравлическая система,,NTE240,050-0030
20028464,BRACKET,BRACKET,支架,13.35,Гидравлическая система,,NTE240,050-0030
20028466,GLAND---,GLAND,电缆防水接头CNA33-25,72.88,,,NTE240,030-0150
20028489,SWITCH-TEMPERATURE,SWITCH-T,温度开关,2100.7,Тормозная система,,NTE240,030-0190
20028507,·GUIDE-SLEEVE--,GUIDE SLEEVE,导向套,3601.58,,,NTE240,050-0140
20028641,,GUAGE-FUEL LEVEL,油位计,,,,NTE240,020-0040
20028831,CONNECTOR - PIEZOMETRIC,CONNECTOR PIEZOMETRIC,测压接头,401.26,Гидравлическая система,,NTE240,050-0040 050-0090 050-0170 100-0120
20028835,CLIP - PIPE,CLIP PIPE,管夹,196.88,Гидравлическая система,,NTE240,050-0040 050-0090
20028836,CLIP - PIPE,CLIP PIPE,管夹,174.21,Гидравлическая система,,NTE240,050-0040 050-0090
20028838,SEAT - PIPE CLIP,SEAT PIPE CLIP,管夹座,172.3,Гидравлическая система,,NTE240,050-0040
20028855,CLIP - PIPE,CLAMP,管夹子,79.54,Гидравлическая система,,NTE240,050-0090
20028873,PLUG,PLUG,堵,60.59,,,NTE240,050-0090
20028880,CLIP - PIPE,CLAMP,管夹,174.21,Гидравлическая система,,NTE240,050-0090 050-0240
20028881,PLUG---,PLUG,堵头,21.09,Гидравлическая система,,NTE240,050-0090
20028884,CABLE CLAMP,CLAMP,管夹子,56.88,Гидравлическая система,,NTE240,050-0090
20028897,CLIP - PIPE,CLAMP,管夹座,143.92,Гидравлическая система,,NTE240,030-0160 050-0090
20028906,TEE,TEE,三通,263.15,Гидравлическая система,,NTE240,050-0020
20028910,ADAPTER,ADAPTER,接头,49.25,Гидравлическая система,,NTE240,050-0020
20028912,ADAPTER-FLANG,ADAPTOR,接头,126.88,Гидравлическая система,,NTE240,050-0090
20028913,ADAPTER,ADAPTER,接头,49.25,Гидравлическая система,,NTE240,050-0040 050-0090
20029407,,CLAMP,管夹,,,,NTE240,030-0020 030-0040 050-0040 050-0170
20029408,THPG3-228 CLIP,THPG3-228 PIPE CLAP,管夹子,153.35,,,NTE240,030-0030
20029650,·ROLLER---,ROLLER,滚轮,92.05,Кабина,,NTE240,090-0030 090-0040
20029651,·RIVET---,RIVET,铆钉,24.95,Кабина,,NTE240,090-0030 090-0040
20029665,POWER SOCKET,POWER SOCKET,手灯插座,64.4,Кабина,,NTE240,090-0050
20029890,BACKING PLATE,SEAL-HANDLE,门锁安装垫,24.67,Кабина,,NTE240,090-0030 090-0040
20029891,PLATE - BACKING,SPACE-HANDLE,垫板,107.91,Кабина,,NTE240,090-0030 090-0040
20029892,HANDLE -LOCK,HANDLE-DOOR,门锁手柄,99.74,Кабина,,NTE240,090-0030 090-0040
20030056,CONNECTOR---,JOINTS,接头,189.86,Гидравлическая система,,NTE240,050-0240
20030527,,CLAMP,管夹,,,,NTE240,050-0240
20030639,CONNECTION - PIPE,CONNECTION PIPE,管接头,149.54,,,NTE240,070-0050
20030640,TEE,TEE,三通接头,331.26,,,NTE240,070-0050
20031057,,,滑轨总成,,,,NTE240,050-0240
20031184,PUMP,PUMP,柱塞泵,49282.33,Рулевое управление,,NTE240,050-0030 050-0100
20031196,CLIP - PIPE,CLAMP AIR CLEANER ASSY,管夹 空气滤清器总成,164.67,Гидравлическая система,,NTE240,040-0010 050-0090 050-0240
20031430,,,密封环,,,,NTE240,070-0040
2003147,Тормозной суппорт,PISTON ASSY,活塞维修包,5929.31,Тормозная система,,NTE240,080-0010
2003148,,PISTON ASSY CORRESPONDING SERVICE K01,总成,,,,NTE240,080-0010
20031716,CLIP,CLAMP,管夹,217.73,Гидравлическая система,,NTE240,050-0240
20031844,STEERING-VALVE--,STEERING GEAR,转向器,10089.23,рулевое управление,,NTE240,050-0120 090-0130
20032133,BRACKET ASSY,BRACKET ASSY,支架总成,350.21,,,NTE240,090-0160
20032221,,FRAMEWORK ASSY,门骨架总成,,,,NTE240,090-0030 090-0040
20032224,,OUTER PLATE,门外板,,,,NTE240,090-0030 090-0040
20032327,BOX COVER PLATE -LH,CO PLATE-LH,左避让盒盖板,166.58,Кабина,,NTE240,090-0010
20032334,,SUPPORT,前围下盖板支撑,,,,NTE240,090-0010
20032380,BATTERY,BATTERY,电瓶,5940.54,Электрооборудование,,NTE240,030-0040
20032617,AIR PRESSURE SW,PRESSURE SWITCH,空气压力开关,10762.5,,,NTE240,030-0080
20032618,TUBE,HOSE,软管总成,187.45,,,NTE240,030-0080
20032619,GLAND,GLAND,电缆夹,49.25,,,NTE240,030-0080
20032621,SPEED SENSOR,FRONT SPEED SENSOR,前轮速度传感器,88830.04,,,NTE240,100-0050
20032622,BRACKET---,BRACKET,前轮速度传感器支架,756.65,,,NTE240,100-0050
20032629,Диагностический дисплей,DID PANEL,诊断显示屏,86958.73,,,NTE240,030-0070
20032841,ROCK-DEFLECTOR--,ROCK DEFLECTOR,左轮胎护板总成,21260.43,,,NTE240,020-0050
20032842,ROCK-DEFLECTOR--,ROCK DEFLECTOR BODY LOCKUP ASSEMBLY,右轮胎护板总成 安全索安装,21340.96,,,NTE240,020-0050
20032947,U-CLAMP---,U-CLAMP,支架总成,828.48,,,NTE240,040-0080
20032998,REGULATE NUT,ADJUSTING NUT,调节螺母,17.06,,,NTE240,020-0110 040-0040
20033007,,CHINA BAOTOU DECAL,中国包头贴片,,,,NTE240,100-0190
20033026,ADAPTER - 45°,ADAPTER,45°接头,79.54,Гидравлическая система,,NTE240,080-0010
20033029,ELBOW PIPE - PARKING BRAKES,ELBOW PIPE PARKING BRAKES,驻车制动器弯管,565.93,Гидравлическая система,,NTE240,080-0010
20033034,EMERGENCY SWITCH,EMERGENCY SWITCH,急停开关,323.64,Электрооборудование,,NTE240,090-0050
20033036,SWITCH,SWITCH,开关,125.53,Электрооборудование,,NTE240,090-0050
20033080,FRONT-WHEEL--,FRONT WHEEL,前轮,123725.04,,,NTE240,070-0010
20033088,PRESS PLATE - VALVE ROD,PLATE,固定板,13.35,,,NTE240,150-0010
20033116,,TYRE,轮胎,,,,NTE240,150-0010
20033141,REDUCER UNION,REDUCER UNION,变径接头,102.3,,,NTE240,070-0050
20033143,CLIP-RIM---,RIM CLAMP,轮辋夹子,2410.64,,,NTE240,070-0050 150-0010
20033144,МОТОР КОЛЕСО,WHEELMOTORS ASSY,电动轮总成,5867425.2,GE,,NTE240,070-0050
20033165,RSC CONFIRM SWITCH,RSC SWITCH,缓行速度控制开关,193.07,Электрооборудование,,NTE240,090-0050
20033330,·FRONT COVER PLATE ASSY–UPPER,CO PLATE-UPPER,前围上盖板,713.55,Кабина,,NTE240,090-0010
20033375,,RIGHT MIRROR BRACKET ASSY,右镜支架总成,,,,NTE240,090-0160
20033464,,CLAMP,管夹,,,,NTE240,040-0010
20033875,GE-POWER+-,GE GE POWER+,电控柜正极电源线,2626.56,Электрооборудование,,NTE240,030-0150
20033876,GP-POWER--,GE GP POWER,电控柜负极电源线,2381.41,Электрооборудование,,NTE240,030-0150
20033891,THROTTLE PEDAL,THROTTLE PEDAL,油门踏板,1953.13,Cummins,,NTE240,090-0180
20033892,RETARD PEDAL,RETARD PEDAL,缓行踏板,2197.27,Тормозная система,,NTE240,090-0180
20033895,RSC SELECT SWITCH,RSC REGISTER,缓行电位计,1620.02,Кабина,,NTE240,090-0050
20033902,Ретардер в сборе,GRID BOX,电阻柜,2676370.06,GE,,NTE240,030-0130
20033903,ГЛАВНЫЙ ГЕНЕРАТОР,ALTERNATOR,发电机总成,2676370.06,GE,,NTE240,040-0000
20033940,PIPE PROTECTOR,PIPE PROTECTOR,管路保护套,204.49,ЦСС,,NTE240,100-0000
20034370,BRACKET - RUNNING BRAKES,BRACKET SERVICE BRAKES,行车制动器支架,86.8,,,NTE240,080-0010
20034371,WASHER - RUNNING BRAKES,SPACER SERVICE BRAKES,行车制动器垫圈,2835.0,,,NTE240,080-0010
20034372,SENSORGEAR-RING--,SENSORGEAR RING,齿圈,2791.24,,,NTE240,070-0010
20034491,REDUCER UNION,REDUCER UNION,变径接头,30.29,,,NTE240,080-0010
20034492,COUPLING - TEE,COUPLING TEE,三通接头,77.63,,,NTE240,080-0010
20034688,COOLING-DUCT--,COOLING DUCT,发电机进风风道,3721.88,,,NTE240,040-0080
20034689,COOLING-DUCT--,COOLING DUCT,,5697.7,,,NTE240,040-0080
20034690,BRACKET---,BRACKET,进风口总成,1286.78,,,NTE240,040-0080
20034691,WIND-INLET--,WIND INLET,,45623.78,,,NTE240,040-0080
20034837,CLAMP,CLAMP,卡子,69.87,Cummins,,NTE240,040-0050
20034875,,DECAL,北方股份贴片,,,,NTE240,100-0190
20034878,,COLOUR BAR DECALS,彩条贴片,,,,NTE240,100-0190
20034879,,COLOUR BAR DECALS,彩条贴片,,,,NTE240,100-0190
20034880,,NTE240 NTE240 DECAL,贴片,,,,NTE240,100-0190
20034896,BRACKET,BRACKET,支架,701.01,,,NTE240,030-0160
20034906,CLIP,CLAMP,管夹,151.44,Гидравлическая система,,NTE240,040-0010 050-0170 100-0030
20034908,CLIP,CLIP,管夹,200.69,,,NTE240,050-0170
20034909,CLIP,CLAMP,管夹,202.58,Гидравлическая система,,NTE240,050-0090
20034951,,TUBE ASSY,管总成,,,,NTE240,050-0040
20034952,TUBE-ASSY--,TUBE ASSY,管总成,588.76,Гидравлическая система,,NTE240,050-0040
20035060,,PCABLE T101,主发电机动力电缆T101,,,,NTE240,030-0150
20035061,,PCABLE T102,主发电机动力电缆T102,,,,NTE240,030-0150
20035062,,PCABLE T201,主发电机动力电缆T201,,,,NTE240,030-0150
20035063,,PCABLE T202,主发电机动力电缆T202,,,,NTE240,030-0150
20035064,,PCABLE T301,主发电机动力电缆T301,,,,NTE240,030-0150
20035065,,PCABLE T302,主发电机动力电缆T302,,,,NTE240,030-0150
20035066,,PCABLE T19,主发电机动力电缆T19,,,,NTE240,030-0150
20035067,,PCABLE T20,主发电机动力电缆T20,,,,NTE240,030-0150
20035068,,PCABLE F1,主发电机动力电缆F1,,,,NTE240,030-0150
20035069,,PCABLE F2,主发电机动力电缆F2,,,,NTE240,030-0150
20035070,,DCP07,制动电阻柜动力电缆DCP07,,,,NTE240,030-0150
20035071,,DCP06,制动电阻柜动力电缆DCP06,,,,NTE240,030-0150
20035072,,DCP04,制动电阻柜动力电缆DCP04,,,,NTE240,030-0150
20035073,,DCP05,制动电阻柜动力电缆DCP05,,,,NTE240,030-0150
20035074,,CVBB01,制动电阻柜动力电缆CVBB01,,,,NTE240,030-0150
20035075,,CVBC01,制动电阻柜动力电缆CVBC01,,,,NTE240,030-0150
20035076,,RP1F,制动电阻柜动力电缆RP1F,,,,NTE240,030-0150
20035077,,RP2F,制动电阻柜动力电缆RP2F,,,,NTE240,030-0150
20035078,,BMFF03,制动电阻柜动力电缆BMFF03,,,,NTE240,030-0150
20035079,,BMFF04,制动电阻柜动力电缆BMFF04,,,,NTE240,030-0150
20035080,,BMFF05,制动电阻柜动力电缆BMFF05,,,,NTE240,030-0150
20035081,,BMFF06,制动电阻柜动力电缆BMFF06,,,,NTE240,030-0150
20035164,BRAKING LAMP,NIGHT RUNNING LIGHT,后转向夜行刹车灯,164.67,Электрооборудование,,NTE240,030-0060
20035200,BRACKET-SIDE-LAMP--,BRACKET ASSY,后示宽灯支架总成,146.88,,,NTE240,030-0060
20035434,,DECAL,贴片,,,,NTE240,100-0190
20035565,PLATE,PLATE,盖板,227.16,Гидравлическая система,,NTE240,050-0020
20035706,RING-DIRT,RING-DIRT,防尘环,459.92,Передняя ось,,NTE240,070-0000
20035976,,TUBE ASSY BOLT,缸筒总成,,,,NTE240,070-0070
20035982,,PISTON,活塞,,,,NTE240,070-0070
20035983,,PISTON ROD ASSY,活塞杆总成,,,,NTE240,070-0070
20035989,,A.PARTS,,,,,NTE240,070-0070
20035991,,A,,,,,NTE240,070-0070
20035992,,,,,,,NTE240,070-0070
20035994,Пыльник,DUST SLEEVE,防尘套,3012.75,,,NTE240,070-0070
20035996,,CLAMP,,,,,NTE240,070-0070
20035997,,CLAMP,,,,,NTE240,070-0070
20036002,Втулка,,套筒,6516.94,,,NTE240,070-0070
20036003,Пылезащитное кольцо,DUST RING CIRCLIP,防尘环,516.23,,,NTE240,070-0070
20036004,Палец,PIN,销,6851.94,,,NTE240,070-0070
20036005,,BLOCK,挡块,,,,NTE240,070-0070
20036006,snap ring,SLEEVE,卡簧,2708.54,,,NTE240,070-0070
20036007,snap ring,,卡簧,2910.09,,,NTE240,070-0070
20036212,EXHAUST-BOX--,EXHAUST BOX,烟道分流箱,5022.65,,,NTE240,040-0070
20036230,SWITCH,SWITCH,开关,52.31,Электрооборудование,,NTE240,090-0050
20036232,HAZARD SWITCH,HAZARD SWITCH,危险报警开关,43.59,Электрооборудование,,NTE240,090-0050
20036233,Клавиша света,LIGHT SWITCH,灯开关,52.31,Кабина,,NTE240,090-0050
20036234,RETARD-SWITCH--,RETARD SWITCH,缓行请求开关,44.11,Кабина,,NTE240,090-0050
20036235,TEST SWITCH,TEST SWITCH,检测开关,43.59,Электрооборудование,,NTE240,090-0050 100-0120
20036238,SHADE – FAULT RESET,SHADE FAULT RESET,故障复位灯罩,9.54,Кабина,,NTE240,090-0050
20036239,#N/A,SHADE HAZARD,危险报警灯罩,2.05,Кабина,,NTE240,090-0050
20036242,SHADE-–-NIGHT-LIGHT,SHADE NIGHT LIGHT,灯光灯罩,3.5,Кабина,,NTE240,090-0050
20036243,#N/A,SHADE WARM REQ,暖机请求灯罩,9.59,Кабина,,NTE240,090-0050
20036247,SHADE – TEST SWITCH,SHADE TEST SWITCH,检测开关灯罩,1.93,Кабина,,NTE240,090-0050
20036252,SHADE – FRONT LIGHT,SHADE FRONT LIGHT,前照灯灯罩,9.54,Кабина,,NTE240,090-0050
20036264,PIPE---EXHAUST-,EXHAUST PIPE,排气管,3078.5,,,NTE240,040-0070
20036265,PIPE---EXHAUST-,EXHAUST PIPE,排气管,4015.06,,,NTE240,040-0070
20036266,STRIP---,SLING,吊带,69.24,,,NTE240,040-0070
20036269,THERMAL-SLEEVE--,THERMAL SLEEVE WIND COOLING LINES MOUNTING,隔热套 风冷却管路,4332.25,,,NTE240,040-0070
20036272,SHADE – LADDER LIGHT,SHADE LADDER LIGHT,梯灯灯罩,9.54,Кабина,,NTE240,090-0050
20036412,,GROUND CABLE,接地线,,,,NTE240,030-0020
20036413,SWITCH-LEVEL FLOAT,SWITCH-LEVEL FLOAT,液位开关,2462.22,Тормозная система,,NTE240,030-0190
20036422,SHADE – DATA STORE,SHADE DATA STORE,数据存储灯罩,9.54,Кабина,,NTE240,090-0050
20036423,SHADE – REST MODE,SHADE REST MODE,休息模式灯罩,9.54,Кабина,,NTE240,090-0050
20036425,SHADE-–-FOG-LIGHT,SHADE FOG LIGHT,雾灯灯罩,21.6,Кабина,,NTE240,090-0050
20036487,NAME PLATE,DATA PLATE,铭牌,15.16,,,NTE240,100-0030
20036492,·SEAL STRIP - LH DOOR CAVITY,SEAL STRIP-LH,左门洞密封条,2060.98,Кабина,,NTE240,090-0010
20036493,·SEAL STRIP - RH DOOR  CAVITY,SEAL STRIP-RH,右门洞密封条,2060.98,Кабина,,NTE240,090-0010
20036512,MOTOR - RISER,MOTOR,升降器电机,541.06,Кабина,,NTE240,090-0030
20036513,·GLASS - LH,GLASS-LH,左侧玻璃,1037.16,Кабина,,NTE240,090-0010
20036514,·GLASS - RH,GLASS-RH,右侧玻璃,1037.16,Кабина,,NTE240,090-0010
20036515,·WINDSCREEN - FRONT,WINDSCREEN,前风挡玻璃,4290.34,Кабина,,NTE240,090-0010
20036532,BRACKET,BRACKET,诊断显示屏支架,1342.64,,,NTE240,030-0070
20036536,BLOCK-RUBBER,FRONT AXLE ASSY,前桥总成,15.16,Гидравлическая система,,NTE240,050-0250
20036730,CLAMP---,CLAMP,电缆夹总成,939.71,,,NTE240,030-0160
20036813,BRACKET---,BRACKET,,1401.72,,,NTE240,040-0080
20036948,Кабель,CABLE JUMP,串接电缆总成,312.61,Электрооборудование,,NTE240,030-0040
20036949,CABLE-N---,CABLE-N,电瓶负极电缆总成,707.66,Электрооборудование,,NTE240,030-0040
20036950,CABLE-N---,CABLE-N,电瓶负极电缆总成,431.52,Электрооборудование,,NTE240,030-0040
20036951,CABLE-N---,CABLE-N,电瓶负极电缆总成,567.66,Электрооборудование,,NTE240,030-0040
20036952,CABLE-P---,CABLE-P,电瓶正极电缆总成,782.46,Электрооборудование,,NTE240,030-0040
20036953,CABLE-P---,CABLE-P,电瓶正极电缆总成,640.55,Электрооборудование,,NTE240,030-0040
20036954,CABLE-P---,CABLE-P,电瓶正极电缆总成,521.64,Электрооборудование,,NTE240,030-0040
20036958,CABLE-GROUND---,CABLE ASM,马达接地电缆总成,1220.41,Электрооборудование,,NTE240,030-0040
20037051,WALKWAY SURFACE,WALKWAY SURFACE,防滑贴,45.36,,,NTE240,100-0190
20037156,,BRACKET ASSY,泵支架总成,,,,NTE240,050-0030
20037524,,BRACKET,制动安装支架,,,,NTE240,080-0000
20037529,CLAMP,CLAMP,电缆夹总成,1020.11,,,NTE240,030-0160
20037648,DUST SLEEVE,DUST SLEEVE,防尘套,1822.5,,,NTE240,070-0020
20037703,BRACKET - FIRE EXTINGUISHER,BRACKET FIRE EXTINGUISHER,灭火器支架,323.64,,,NTE240,100-0090
20037813,TOP-PLATE--,BRACKET-UPPER,皮带护罩上连接板,190.08,,,NTE240,090-0140
20037814,DOWN-PLATE--,BRACKET-LOWER,皮带护罩下连接板,310.34,,,NTE240,090-0140
20037815,PLATE-ASSY--,HOOD,皮带护罩总成,849.58,,,NTE240,090-0140
20037887,·DOOR ASSY - LH,DOOR ASSY-LH,左门总成,20912.09,Кабина,,NTE240,090-0010
20037888,·DOOR ASSY - RH,DOOR ASSY-RH,右门总成,20912.09,Кабина,,NTE240,090-0010
20038202,EXHAUST-PIPE--,TAIL PIPE,尾排气管,1461.63,,,NTE240,040-0070
20038236,LABEL - ATTENTION,LABEL ATTENTION,安全标志,11.44,,,NTE240,100-0180
20038237,SAFETY MARK,LABEL ATTENTION,安全标志,1.11,,,NTE240,100-0180
20038238,LABEL - ATTENTION,LABEL ATTENTION DECAL ASSY,安全标志 贴片总成,11.44,,,NTE240,100-0180
20038239,LABEL - ATTENTION,LABEL ATTENTION,安全标志,11.44,,,NTE240,100-0180
20038240,LABEL - ATTENTION,LABEL ATTENTION,安全标志,11.44,,,NTE240,100-0180
20038241,SAFETY MARK,LABEL ATTENTION,安全标志,1.11,,,NTE240,100-0180
20038242,LABEL - ATTENTION,LABEL ATTENTION,安全标志,11.44,,,NTE240,100-0180
20038243,SAFETY MARK,LABEL ATTENTION,安全标志,1.11,,,NTE240,100-0180
20038263,FILTER - OIL SUCTION,FILTER OIL SUCTION,吸油过滤器,3851.98,Фильтр,,NTE240,050-0020
20038264,NIPPLE - OIL SUCTION FILTER,NIPPLE OIL FILTER,吸油过滤器接管,698.4,,,NTE240,050-0020
20038265,SEAT - OIL SUCTION FILTER,SEAT OIL SUCTION FILTER,吸油过滤器座,613.27,,,NTE240,050-0020
20038266,GASKET,GASKET,密封垫,98.5,Гидравлическая система,,NTE240,050-0020
20038280,BOTTOM---,BOTTOM PROTECTOR ASSY,下保护罩总成,414.95,,,NTE240,050-0035
20038281,TOP-PROTECTOR--,TOP PROTECTOR,上保保护罩,301.63,,,NTE240,050-0035
20038294,LINE,BRACKET ASSY,支架总成,1896.32,,,NTE240,050-0170
20038326,·PISTON,PISTON,活塞,32762.86,,,NTE240,070-0020
20039240,,CAP PLATE,二通插装阀盖板,,,,NTE240,050-0060
20039241,·VALVE CORE,VALVE CORE,二通插装阀阀芯,3501.18,Гидравлическая система,,NTE240,050-0060
20039242,·SHUTTLE VALVE,SHUTTLE VALVE,梭阀,529.92,Электрооборудование,,NTE240,050-0060
20039243,,CAP PLATE,二通插装阀盖板,,,,NTE240,050-0060
20039244,·VALVE CORE,VALVE CORE,二通插装阀阀芯,3501.18,Гидравлическая система,,NTE240,050-0060
20039245,,CAP PLATE,二通插装阀盖板,,,,NTE240,050-0060
20039246,·VALVE CORE,VALVE CORE,二通插装阀阀芯,10669.92,Гидравлическая система,,NTE240,050-0060
20039247,,CAP PLATE,二通插装阀盖板,,,,NTE240,050-0060
20039248,·VALVE CORE,VALVE CORE,二通插装阀阀芯,7295.59,Гидравлическая система,,NTE240,050-0060
20039366,·CHECK VALVE,CHECK VALWE,单向阀,598.1,Электрооборудование,,NTE240,050-0210
20039378,RELIFE VALVE,RELIFE VALVE,溢流阀,8179.41,Электрооборудование,,NTE240,050-0060
20039379,·CAP PLATE,CAP PLATE,二通插装阀盖板,8631.7,Гидравлическая система,,NTE240,050-0060
20039380,·VALVE CORE,VALVE CORE,二通插装阀阀芯,10283.81,Гидравлическая система,,NTE240,050-0060
20039381,·ELECTROMAGNETIC VALVE,ELECTROMAGNETIC VALVE,浮动电磁阀,3258.89,Электрооборудование,,NTE240,050-0060
20039382,,BLOCK VALVE ·ELECTROMAGNETIC,阀体,,,,NTE240,050-0060
20039383,·ELECTROMAGNETIC DIRECTIONAL CONTROL VALVE,DIRECTIONAL CONTROL VALVE,电磁换向阀,2505.75,Электрооборудование,,NTE240,050-0060
20039400,MUFFLER---,SILENCER,消音器,9439.29,,,NTE240,040-0070
20039412,RUBBER,UPPER RUBBER,上胶套,8.73,Рулевое управление,,NTE240,040-0060
20039413,RUBBER,LOWER RUBBER,下胶套,10.47,Рулевое управление,,NTE240,040-0060
20039766,Плафон кабины,WORKING LIGHT,工作指示灯,2170.95,,,NTE240,210-0360
20039789,·OIL-DRAIN-VALVE-,OIL DRAIN VALVE,放油阀,23.02,,,NTE240,070-0020 070-0070
20039791,,WHEEL CHOCK,车轮掩块,,,,NTE240,210-1520
20039811,RATING---,RATING PLATE-SERIES,系列标牌,81.49,,,NTE240,100-0190
20039876,Фильтр салона,FILTER,滤芯,3242.88,Фильтр,,NTE240,210-0920
20039901,COOLING-DUCT--,COOLING DUCT,托架总成,4919.07,,,NTE240,040-0080
20040011,BOARD,BOARD,板,28.5,,,NTE240,100-0120
20040046,,RUBBER STRIP,缓冲垫,,,,NTE240,020-0040
20040065,BOARD,BOARD,板,28.5,,,NTE240,100-0120
20040173,·FIRST-TUBE--,FIRST TUBE STEERING LINES MOUNTING A NOTES：,一管 转向管路安装 注 包括在密封包 中,68936.05,Гидравлическая система,,NTE240,050-0080
20040174,·RING,SNAP RING,卡环,100.41,Гидравлическая система,,NTE240,050-0080
20040175,·RETAINER RING,RING,环,2110.21,Гидравлическая система,,NTE240,050-0080
20040176,·PISTON,PISTON,活塞,42095.85,Гидравлическая система,,NTE240,050-0080
20040177,·SECONDARY-TUBE--,SECONDARY TUBE,二管,55510.44,Гидравлическая система,,NTE240,050-0080
20040178,·THIRD-TUBE--,THIRD TUBE,三管,55394.39,Гидравлическая система,,NTE240,050-0080
20040209,·PISTON ROD ASSY,PISTON ROD ASSY STEERING ASSY,活塞杆总成 转向机构,80058.0,,,NTE240,070-0020
20040212,··CYLINDER ASSY,CYLINDER ASSY,缸筒总成,72478.61,,,NTE240,070-0020
20040213,VALVE BONNET ASSY,VALVE BONNET,阀罩总成,787.35,,,NTE240,070-0020 070-0070
20040215,•STEEL BALL,STEEL BALL,钢球,7.45,,,NTE240,070-0020
20040289,"CONNECTIONSTRAP,INSULATED,81.75INDEVLGTH",LOCKNUT,锁紧螺母,7078.95,GE,,NTE240,050-0140
20041184,,BRACKET ASSY,泵安装支架总成,,,,NTE240,050-0030
20041218,CAIDAN JOINT,CARDAN,万向节,1620.02,,,NTE240,100-0120
20041458,CLAMP,CLAMP,管夹,526.21,,,NTE240,040-0080
20041857,,STRAP,卡带总成,,,,NTE240,020-0040
20041867,PLATE,BOARD,板,30.29,,,NTE240,100-0120
20041885,HARNESS,PRESSURE TUBE,测压线,978.5,Электрооборудование,,NTE240,100-0120
20041886,NIPPLE,BLOCK,测压块,138.2,Электрооборудование,,NTE240,100-0120
20042022,CONDESNOR,CONDENSER,冷凝器,4352.81,Кабина,,NTE240,090-0140
20042051,BOARD,PLAT,母线板,249.82,,,NTE240,030-0160
20042062,SWITCH -RISER,SWITCH-RISER,升降器开关,57.54,Кабина,,NTE240,090-0030 090-0040
20042064,ELCE.-SAFEGUARD--,ELCE. SAFEGUARD,电路保护器,241.66,Кабина,,NTE240,090-0030 090-0040
20042404,CAMERA-BRACKET--,BRACKET,后部环场摄像头支架,230.08,,,NTE240,210-0350
20042489,AIR CLEANER ASSY,AIR CLEANER ASSY,空滤总成,77029.98,,,NTE240,040-0030 040-0040
20042490,·GASKET,GASKET,密封垫,362.7,,,NTE240,040-0030
20042491,·INLET BOX,INLET BOX,进气箱,37822.46,,,NTE240,040-0030
20042492,·O-RING,O ·O-RING,型圈,164.67,,,NTE240,040-0030
20042493,·CLAMP,CLAMP,卡箍,802.5,,,NTE240,040-0030
20042494,·DUST VALVE,DUST VALVE,排尘阀,210.11,,,NTE240,040-0030
20042495,·PIPE,PIPE,护管,437.25,,,NTE240,040-0030
20042496,·CLAMP,CLAMP,夹子,98.5,,,NTE240,040-0030
20042536,,CABLE(F),影像线束（前）,,,,NTE240,210-0350
20042537,,CABLE(B),影像线束（后）,,,,NTE240,210-0350
20042538,Жгут проводов дисплея,CABLE(L),影像线束（左）,98.0,,,NTE240,210-0350
20042558,·DUST CHAMBER,DUST CHAMBER,集尘杯,3516.34,,,NTE240,040-0030
20042559,SAFETY ELEMENT,SAFETY ELEMENT,安全滤芯总成,814.95,Фильтр,,NTE240,040-0030
20042560,PRIMARY ELEMENT,PRIMARY ELEMENT,初级滤芯总成,1895.1,Фильтр,,NTE240,040-0030
20042561,·COVER ASSY,CO ASSY,盖总成,7106.36,,,NTE240,040-0030
20042598,NIPPLE,"NIPPLE, D",测压接头,433.45,,,NTE240,100-0120
20042838,Ремкомплект рулевого цилиндра,SEAL KIT,,2099.1,,,NTE240,050-0140
20042842,·SEAL-KIT,SEAL-KIT,柱塞泵密封包,6326.63,Гидравлическая система,,NTE240,050-0100
20042917,·COMPRESSOR---,COMPRESSOR,压缩机,4986.21,,,NTE240,090-0140
20042962,Поворотный кулак,SPINDLE,转向节,93091.4,,,NTE240,070-0000
20043569,·NEEDLE VAVLE,NEEDLE VAVLE,节流阀,2106.41,Рулевое управление,,NTE240,050-0150
20043571,·ELECTROMAGNETIC VALVE,ELECTROMAGNETI C VALVE,电磁阀,2876.6,Электрооборудование,,NTE240,050-0150
20043585,ANTI SWIVEL,ANTI SWIVEL,防转环,17.06,Кабина,,NTE240,090-0050
20043586,CABLE CLAMP,CLAMP,电缆夹总成,2003.31,Электрооборудование,,NTE240,030-0160
20043658,CAMERA-BRACKET--,BRACKET,摄像头支架总成,331.26,Электрооборудование,,NTE240,210-0350
20043799,,BEAD PLATE,弯板,,,,NTE240,210-0240
20043800,,PLATE BATTERY HEATER MTG,板 电瓶加热安装,,,,NTE240,210-0240
20043839,CONTROL CABINET - HYDRAULIC,CONTROL CABINET HYDRAULIC,液压控制柜总成,9791.81,Гидравлическая система,,NTE240,050-0250
20043881,GASKET,GASKET,衬垫,776.01,,,NTE240,040-0080
20043992,BREAKER,BREAKER,断路器,864.98,Кузов,,NTE240,030-0025
20043996,PAD,PAD,密封垫片,68.2,,,NTE240,090-0050
20043997,GLAND,GLAND,防水接头,503.45,Кабина,,NTE240,090-0050
20044074,·CHECK VALVE,CHECK VALVE,单向阀阀芯,9348.96,Гидравлическая система,,NTE240,050-0060
20044241,BRACKET---,BRACKET,断路器支架,262.12,,,NTE240,030-0025
20044242,TERMINAL BOARD,TERMINAL BOARD,接线排,1213.17,,,NTE240,030-0025
20044266,,RECEI (OIL),快速接头(机油),,,,NTE240,100-0035
20044314,Elevator assembly,RAISER ASSY-LH,左升降器总成,803.5,Кабина,,NTE240,090-0030
20044347,,SAUCER,杯托,,,,NTE240,090-0020
20044348,,ASHTRAY,烟灰缸,,,,NTE240,090-0020
20044350,TERMINAL-BOARD--,CONNECTION POST,接线柱,440.82,,,NTE240,030-0025
20044351,TERMINAL-BOARD--,CONNECTION POST,接线柱,446.18,,,NTE240,030-0025
20044393,CONTROLLER,CONTROLLER,控制器,19706.55,Кабина,,NTE240,090-0050
20044394,MODUEL,Module,模块,7961.8,,,NTE240,030-0025
20044423,"·MECHANISM -
RISER （DOUBLE
ARM）",ARM-SLIDING,升降器机构,778.62,Кабина,,NTE240,090-0030
20044716,BENT PLATE,BENT PLATE,弯板,425.82,,,NTE240,090-0150 090-0160
20045610,,O RONG,"3""密封圈",,,,NTE240,090-0100
20045611,,O RONG,"4""密封圈",,,,NTE240,090-0100
20045612,,O RONG,"5""密封圈",,,,NTE240,090-0100
20045613,,GROMMET,过孔胶圈,,,,NTE240,090-0100
20045865,DOOR HARNESS LH,DOOR HARNESS-LH,左门线束,382.3,Кабина,,NTE240,090-0030
20045866,DOOR HARNESS RH,HARNESS-RH,右门线束,382.3,Кабина,,NTE240,090-0040
20045956,BRACKET,BRACKET,支架,213.92,,,NTE240,040-0010 040-0020
20046021,,CO PLATE-LOWER,前围下盖板,,,,NTE240,090-0010
20046500,DUMP CONTROL VALVE,DUMP CONTROL VALVE,主举升阀,105767.45,Гидравлическая система,,NTE240,050-0040
20046627,SHOCK PAD,SHOCK PAD,减震垫,782.24,Cummins,,NTE240,020-0040
20046628,SHOCK PAD,SHOCK PAD,减震垫,880.02,Кузов,,NTE240,040-0000
20046630,INSPIRATOR,INSPIRATOR,呼吸器,10306.57,,,NTE240,020-0040
20046631,FLANGE COUPLING,FAST CONNECTOR,法兰快充接头,5777.88,,,NTE240,020-0040
20046634,FILTER,FILTER,过滤器,452.98,Фильтр,HF6510,NTE240,020-0040
20046752,,FOOTREST,歇脚板,,,,NTE240,090-0010
20046814,PLATE,PLATE,板,986.01,Кабина,,NTE240,090-0050
20046923,Sealing component of energy storage device,SEAL UNITS。,,4508.61,рулевое управление,,NTE240,050-0110
20046924,Brake accumulator sealing component,SEAL UNITS。,,22000.98,,,NTE240,050-0180
20046958,FRAME,FRAME,框架,22.78,Кабина,,NTE240,090-0050
20046979,·EVAPORATOR,EVAPORATOR,蒸发器,2178.32,Кабина,,NTE240,090-0100
20046980,·HEAT EXCHANGER,HEATER,换热器,2146.13,Кабина,,NTE240,090-0100
20046984,,EXPANSION VALVE BRACKET,膨胀阀支架,,,,NTE240,090-0100
20046987,,TOP CO,上盖板,,,,NTE240,090-0100
20046988,,BLOWER BRACKET,风机支架,,,,NTE240,090-0100
20046991,·PERFORMER,ACTUATOR,执行器,447.44,,,NTE240,090-0100
20046994,·WATER VALVE ASSY,WATER VALVE ASSY,电控水阀组件,582.97,Кабина,,NTE240,090-0140
20046996,,AIR COND. KIT,空调安装组件,,,,NTE240,090-0140
20048345,,PISTON ROD,活塞杆,,,,NTE240,050-0140
20048346,,PISTON A NOTES:,活塞 注 包括在密封包 中,,,,NTE240,050-0140
20048557,,HOSE-BULK,风管,,,,NTE240,090-0100
20048558,,HOSE-BULK,风管,,,,NTE240,090-0100
20048559,,HOSE-BULK,风管,,,,NTE240,090-0100
20048560,,HOSE-BULK,风管,,,,NTE240,090-0100
20048561,,HOSE-BULK,风管,,,,NTE240,090-0100
20048562,,HOSE-BULK,风管,,,,NTE240,090-0100
20048563,,HOSE-BULK,风管,,,,NTE240,090-0100
20048580,,RETAINER SERVICE,护圈 维修包序号,,,,NTE240,080-0020
20048581,,RING-SEAL O,型密封圈,,,,NTE240,080-0020
20048582,,DUST BOOT K01 AND SEPARATELY INCLUDE IN SERVICE KITS. THE FOLLOWING IS OF KITS. DESCRIPTION,防尘罩 件 名称 制动卡钳维修组件,,,,NTE240,080-0020
20048583,,PISTON PACKING,活塞密封圈,,,,NTE240,080-0020
20048584,,PACKING RETAINER,活塞护圈,,,,NTE240,080-0020
20048666,,BRACKET-CONDENSER,冷凝器支架,,,,NTE240,090-0140
20048710,,,后桥拉杆,,,,NTE240,070-0040
20048716,DRIVE-AXLE,DRIVE-AXLE,传动轴,1683.41,Привод гидравлики,,NTE240,050-0030
20048753,SHOCK PAD,SHOCK PAD,减震垫,891.78,Кузов,,NTE240,040-0000
20048831,,TRIM-ROOF,顶棚,,,,NTE240,090-0010
20048853,·VENT,AIR DIFFUSER,出风口,343.29,Кабина,,NTE240,090-0010
20048872,MOTOR-WINDOW REGULATOR--LEFT,MOTOR,升降器电机,675.54,Кабина,,NTE240,090-0040
20048881,"INSIDE PLATE ASSY
- LH",DOOR TRIM-LH,左门内板总成,3101.04,Кабина,,NTE240,090-0030
20048882,"INSIDE PLATE ASSY
- RH",DOOR TRIM-RH,右门内板总成,3101.04,Кабина,,NTE240,090-0040
20048883,LOCK FRONT-COVER PLATE-LOWER,LATCH,卡锁,202.58,Кабина,,NTE240,090-0010
20048884,HINGE-FRONT COVER PLATE-LOWER,HINGE,铰链,295.25,Кабина,,NTE240,090-0010
20048886,,CLOTHES HOOK,衣帽钩,,,,NTE240,090-0010
20048889,INTTRUMENT HOOD,DASHBOARD EDGING,仪表台护罩,3862.61,Кабина,,NTE240,090-0010
20048890,HOOD-STEERING COLUMN,SHIELD-STRCOL,转向柱护罩,2835.0,Кабина,,NTE240,090-0010
20048891,INSTRUMENT ASSY,DASHBOARD ASSY,仪表台总成,16585.37,Кабина,,NTE240,090-0010
20049076,•VEDIO-CABLE---,CABLE,视频连接线,494.78,Электрооборудование,,NTE240,210-0350
20049085,·SEAL-KIT----,SEAL-KIT,阀块密封包,3000.9,Рулевое управление,,NTE240,050-0150
20049086,·CHECK VAVLE,CHECK VAVLE,单向阀,1146.88,Рулевое управление,,NTE240,050-0150
20049087,·RELIEF VALVE,RELIEF VALVE,安全阀,1843.37,Рулевое управление,,NTE240,050-0150
20049162,Hump tube,HUMP PIPE,驼峰管,1072.62,,,NTE240,040-0040
20049317,PLATE,PLATE,压板,5974.62,,,NTE240,020-0040
20049323,STEERING COLUMN,STEERING COLUMN,转向柱,13902.32,,,NTE240,090-0130
20049332,WASHER,WASHER,垫片,179.82,,,NTE240,020-0040 040-0000
20049465,BRACKET-RIGHT LAMP,RIGHT LIGHT BRACKET,右大灯支架,1073.07,,,NTE240,030-0060
20049466,BRACKET-LEFT LAMP,LEFT LIGHT BRACKET,左大灯支架,1073.07,,,NTE240,030-0060
20049470,STEERING WHEEL,STEERING WHEEL,方向盘,2276.7,,,NTE240,090-0130
20049517,,ACCESS CO,检修盖,,,,NTE240,090-0010
20049518,,LATCH,卡锁,,,,NTE240,090-0010
20049519,WENT-DEFROST,AIR DIFFUSER,除霜风口,111.73,Кабина,,NTE240,090-0010
20049521,·SUN BLIND,SUN BLIND,遮阳帘,908.5,Кабина,,NTE240,090-0010
20049523,,SHIELD ASSY-A/C,空调护罩,,,,NTE240,090-0010
20049524,,RAISER ASSY-RH,右升降器总成,,,,NTE240,090-0040
20049526,·MECHANISM - RISER (DOUBLEARM),ARM-SLIDING,升降器机构,908.5,Кабина,,NTE240,090-0040
20049551,MUD GUARD,MUD GUARD,挡泥板,705.93,,,NTE240,020-0110
20049557,BRACKET LEFT,BRACKET ASSY LHS,左支架总成,1341.83,,,NTE240,020-0110
20049558,BRACKET RIGHT,BRACKET ASSY RHS,右支架总成,3143.56,,,NTE240,020-0110
20049622,Электрический шкаф управления,IN TER CABNIET,电控柜,4054117.9,,,NTE240,030-0140
20049629,,CONTROL HANDLE,手柄总成,,,,NTE240,090-0050
20049639,ДВС QSK60,ENGINE QSK60,发动机QSK60,7745082.62,Cummins,,NTE240,040-0000
20049700,,PRESSURE SWITCH,压力开关,,,,NTE240,100-0100
20049726,DISPLAY ASSEMBLY,DISPLAY ASSEMBLY SHADES ASSY,显示器总成 百叶窗安装,52526.05,,,NTE240,100-0220
20049768,DECAL-SERVICE,DECAL-SERVICE DATA MANAGEMENT SYSTEM,保养提示贴片 信息管理系统选装,607.53,,,NTE240,100-0190
20050032,FLANGE---SPLIT-,FLANGE,对开法兰,124.21,Гидравлическая система,,NTE240,050-0090
20050033,O RING,O O RING,型圈,130.69,Гидравлическая система,,NTE240,050-0020
20050039,FLANGE PLUG,FLANGE PLUG,法兰堵头,47.34,,,NTE240,050-0040
20050090,CLAMP---,clamp,管夹,134.41,,,NTE240,030-0025
20050091,CLAMP---,clamp STARTER,管夹,41.23,,,NTE240,030-0025
20050092,ELBOW,ADAPTER,接头,448.59,,,NTE240,040-0010
20050093,ADAPTER,ADAPTER,接头,179.82,,,NTE240,040-0010
20050591,,SEAL,密封圈,,,,NTE240,050-0110
20050592,,SEAL,密封圈,,,,NTE240,050-0110
20050593,,O O RING,形圈,,,,NTE240,050-0110
20050594,,RING-BACK UP,挡圈,,,,NTE240,050-0110
20050602,,ADAPTER,接头,,,,NTE240,040-0010
20050610,,CLAMP,管夹,,,,NTE240,050-0090 050-0170
20050614,,SEAL,密封圈,,,,NTE240,050-0180
20050615,,SEAL,密封圈,,,,NTE240,050-0180
20050616,,O O RING,形圈,,,,NTE240,050-0180
20050617,,RING-BACK UP,挡圈,,,,NTE240,050-0180
20050620,,CLIP PIPE,管夹,,,,NTE240,050-0040
20050636,,JOINTS,接头,,,,NTE240,050-0240
20050637,,JOINTS,接头,,,,NTE240,050-0240
20050638,TEE JOINT,TEE,三通,293.35,,,NTE240,040-0020
20050654,,ADAPTOR,直接头,,,,NTE240,050-0170
20050657,,CLIP,管夹,,,,NTE240,050-0170
20050665,,CLAMP,管夹,,,,NTE240,090-0140
20050666,,CLAMP,管夹,,,,NTE240,090-0140
20050843,·DUST RING,,,5219.59,,,NTE240,070-0020
20050844,·RING,RING,导向带,1004.98,,,NTE240,070-0020
20050845,·O RING,,注：,825.16,,,NTE240,070-0020
20050851,ADAPTER,ADAPTER,接头,113.64,,,NTE240,040-0020
20050852,ADAPTER,ADAPTER,接头,151.44,,,NTE240,040-0020
20050883,,,A.包括在密封包 。,,,,NTE240,070-0070
20050884,,RING,导向带,,,,NTE240,070-0070
20050885,,,,,,,NTE240,070-0070
20050890,,ELBOW,弯头,,,,NTE240,020-0040
20050891,,CLAMP,管夹,,,,NTE240,050-0090 050-0170
20050892,,ADAPTOR,直接头,,,,NTE240,050-0090
20050914,,CLAMP,管夹,,,,NTE240,050-0090 050-0170
20050915,,CLIP,管夹,,,,NTE240,050-0170
20050916,,CLAMP,管夹,,,,NTE240,090-0140
20050929,,ELBOW,弯头,,,,NTE240,040-0020
20050994,,WEARING RING,耐磨环,,,,NTE240,050-0080
20050995,,ADAPTER,接头,,,,NTE240,040-0010
20050996,,CONNECTOR,接头,,,,NTE240,020-0040
20051000,,SEAL,密封圈,,,,NTE240,050-0080
20051001,,SEAL,密封圈,,,,NTE240,050-0080
20051002,,WEARING RING,耐磨环,,,,NTE240,050-0080
20051003,,WEARING RING,耐磨环,,,,NTE240,050-0080
20051004,,O ·O RING,型圈,,,,NTE240,050-0080
20051005,,RETAINER RING,挡圈,,,,NTE240,050-0080
20051006,,WEARING RING,耐磨环,,,,NTE240,050-0080
20051007,,SEAL,密封圈,,,,NTE240,050-0080
20051008,,SEAL,密封圈,,,,NTE240,050-0080
20051009,,DUST-PROOF RING,密封圈,,,,NTE240,050-0080
20051010,,DUST-PROOF RING,密封圈,,,,NTE240,050-0080
20051012,,"ADAPTER,TEE",三通接头,,,,NTE240,080-0000
20051020,,ELBOW,弯头,,,,NTE240,040-0020
20051033,,TEE,三通,,,,NTE240,040-0020
20051034,,"ADAPTER,TEE",三通接头,,,,NTE240,080-0000
20051035,,"ADAPTER,STRAIGHT REAR BRAKE MTG",直接头 后制动安装,,,,NTE240,080-0000
20051039,,ADAPTER,直接头,,,,NTE240,040-0020
20051057,,TEE,三通,,,,NTE240,040-0010
20051062,,TEE,三通,,,,NTE240,040-0010
20055048,GLASS SUPPORT LH,GLASS SUPPORT LH CAB DOOR ASSEMBLY RH,左玻璃托架 驾驶室右门总成,194.97,Кабина,,NTE240,090-0030
20055049,,GLASS SUPPORT RH,右玻璃托架,,,,NTE240,090-0040
20055052,·GLASS - REAR,GLASS-REAR,后窗玻璃,1230.23,Кабина,,NTE240,090-0010
20055138,,TEE,线缆三通,,,,NTE240,100-0100
20055168,,HARNESS-CAB,驾驶室内部线束,,,,NTE240,090-0010
20055270,,SHIELD,护罩,,,,NTE240,090-0010
20055277,,NOZZLE,喷嘴,,,,NTE240,090-0010
20055279,,TERMINAL,接线排总成,,,,NTE240,030-0020
20055387,,BRACKET,支架总成,,,,NTE240,040-0050
20055419,,CENTRALIZED FILLING TANK,集中充注箱,,,,NTE240,100-0030
20055636,Боковой фонарь,WIDTH LAMP,示宽灯,142.99,,,NTE240,030-0060
20055637,Лампа индикатор,TURN LIGHT,转向灯,142.99,,,NTE240,030-0060
20055646,COVER,CO,盖总成,437.25,,,NTE240,020-0040
20055653,,SIGHT PLUG,视窗,,,,NTE240,100-0060
20056025,Защелка,LATCH,插销,116.71,,,NTE240,020-0020
20056150,Блок многоходовой,BLOCK MULTIPLE,多路块,6961.08,Гидравлическая система,,NTE240,050-0040
20056168,,PLATE,压板,,,,NTE240,020-0020
20056517,,ACCUMULATOR,储能器,,,,NTE240,050-0090 050-0110
20056518,,CAP-HYDRAULIC END STEERING GEAR,液端盖 转向器,,,,NTE240,050-0110
20056519,,TUBE ASSY. A.包括在 NOTE:,管总成 注 包括在 密封组件中,,,,NTE240,050-0110
20056520,,PISTON,活塞,,,,NTE240,050-0110
20056521,,CAP-GAS END A,气端盖,,,,NTE240,050-0110
20056522,,GUARD-GAS VALVE,气阀护罩,,,,NTE240,050-0110 050-0180
20056548,COMB INSTRUMENT,COMB INSTRUMENT,组合仪表,8444.38,Электрооборудование,,NTE240,090-0050
20056571,RADIATOR---,RADIATOR,液压散热器总成,7871.58,Гидравлическая система,,NTE240,050-0240
20056590,BALL VALVE,VALVE,球阀,1161.36,,,NTE240,040-0020
20056688,PLATE,PLATE,板,978.5,Кабина,,NTE240,090-0050
20056822,,BRACKET,支架,,,,NTE240,030-0060
20056846,GEAR SHIFT SELECTOR,FNR HADLE,档位手柄,14260.55,Электрооборудование,,NTE240,090-0050
20056847,RAISE CONTROL HANDLE,RAISE HANDLE,举升手柄,13657.23,Электрооборудование,,NTE240,090-0050
20056863,·SEQUENCE VALVE,SEQUENCE VALVE,顺序阀,2257.84,Тормозная система,,NTE240,050-0210
20056865,· REDUCING VALVE,REDUCING VALVE,减压阀,2055.26,Тормозная система,,NTE240,050-0210
20056866,·NEEDLE VALVE,THOTTLE VALVE,节流阀,1854.69,Тормозная система,,NTE240,050-0210
20057191,,LADDER ASSY,登梯总成,,,,NTE240,020-0020
20057329,Brake energy storage device,ACCUMULATOR ASSY,储能器总成,17632.96,Тормозная система,,NTE240,050-0180 050-0250
20057330,,TUBE ASSY. A.包括在 NOTE:,管总成 注 包括在 密封组件中,,,,NTE240,050-0180
20057331,,PISTON,活塞,,,,NTE240,050-0180
20057332,,CAP-GAS END A,气端盖,,,,NTE240,050-0180
20058175,,ELECTRIC MANUAL BRACKET,电子手启动器,,,,NTE240,100-0100
20058176,,EMA BRACKET,电子手启动器支架,,,,NTE240,100-0100
20058177,,POWER CABLE,供电线缆,,,,NTE240,100-0100
20058178,,0.91m POWER CABLE WITH FUSE,带保险供电线缆,,,,NTE240,100-0100
20058180,TEE,TEE,检测电路三通,3125.76,,,NTE240,100-0100
20058483,Hose assembly,HOSE ASSY,软管总成,398.98,,,NTE240,090-0140
20058664,,BRACKET,支架,,,,NTE240,050-0040
20059036,,BRACKET DID PANEL AND MTG,支架 诊断显示屏安装,,,,NTE240,030-0060
20059107,BRACKET,BRACKET,支架,174.21,,,NTE240,030-0190
20060214,,BRACKET,支架,,,,NTE240,040-0010
20060237,,PASSENGER SEAT ASSY,乘员座椅总成,,,,NTE240,090-0080
20060238,,PASSENGER SEAT,乘员座椅,,,,NTE240,090-0080
20060239,,SAFETY BELT AIR CONDITIONER HEATER,安全带 空调加热器,,,,NTE240,090-0080
20061360,PUMP-STATION--,PUMP STATION,泵站（GRACO),130335.24,,,NTE240,100-0000
20061361,PUMP,DYNA-STAR PUMP,泵,76193.43,ЦСС,,NTE240,100-0005
20061362,Клапан сброса давления,VENT VALVE,泄压阀,21070.99,,,NTE240,100-0005
20061363,,GREASE RESERVOIR,油脂桶,,,,NTE240,100-0005
20061364,,˙PLUG,˙堵头,,,,NTE240,100-0005
20061365,,˙NUT,˙螺母,,,,NTE240,100-0005
20061366,,˙SCREW,˙螺钉,,,,NTE240,100-0005
20061367,,˙BREATHER,˙呼吸器,,,,NTE240,100-0005
20061368,,˙GASKET,˙垫圈,,,,NTE240,100-0005
20061369,,˙PAIL,˙桶,,,,NTE240,100-0005
20061370,,˙CO,˙桶盖,,,,NTE240,100-0005
20061371,,˙PLUG,˙堵头,,,,NTE240,100-0005
20061372,,SCREW,˙螺钉,,,,NTE240,100-0005
20061373,,˙GASKET,˙垫圈,,,,NTE240,100-0005
20061374,,˙WASHER,˙垫片,,,,NTE240,100-0005
20061375,,AUTO-FILL SHUT OFF VALVE,自动充注截止阀,,,,NTE240,100-0005
20061376,,AUTO SHUT OFF VALVE,自动截止阀,,,,NTE240,100-0005
20061377,,˙DIAPHRAGM,˙隔板,,,,NTE240,100-0005
20061378,,˙TUBE,˙管子,,,,NTE240,100-0005
20061379,,˙CONNECTOR,˙接头,,,,NTE240,100-0005
20061380,˙BOLT---,˙BOLT,˙螺栓,1220.09,,,NTE240,100-0005 100-0020
20061381,,˙SEAL,˙密封垫,,,,NTE240,100-0005 100-0020
20061382,,LABEL,标签,,,,NTE240,100-0005 100-0020
20061383,,LABEL,标签,,,,NTE240,100-0005 100-0020
20061384,,LABEL,标签,,,,NTE240,100-0005 100-0020
20061385,LOW LEVEL,LOW LEVEL,低油位传感器,,,,NTE240,100-0005 100-0020
20061386,SWITCH,˙SWITCH,˙低油位开关,,,,NTE240,100-0005 100-0020
20061387,,˙CO,˙帽,,,,NTE240,100-0005 100-0020
20061388,,"˙O ˙O-RING B． C． NOTE: B. THE FOLLOWING ITEMS WITH ARE CHILD PARTS. C. THE NUMBER OF PUMP STATION IS ,IT CONTAINS ALL OF THE ABOVE PARTS",形圈 注 带的连续几项为该件子件 泵站总成的件号为包含以上所有零部件,,,,NTE240,100-0005 100-0020
20061389,,O O–RING,形圈,,,,NTE240,100-0020
20061468,,ONLY,,,,,NTE240,100-0020
20061469,,,,,,,NTE240,100-0020
20061470,,,,,,,NTE240,100-0020
20061471,,GEAR BOX,齿轮箱,,,,NTE240,100-0010
20061472,,KIT(PUMP ADAPTER),配件包（泵适配器）,,,,NTE240,100-0010
20061473,,TUBE-IN-TUBE,管中管,,,,NTE240,100-0010
20061474,,SCREW,螺钉,,,,NTE240,100-0010
20061475,,GASKET,垫圈,,,,NTE240,100-0010
20061476,,SCREW,螺钉,,,,NTE240,100-0010
20061477,,PIN,销,,,,NTE240,100-0010
20061478,,RETAINING SPRING,固定弹簧,,,,NTE240,100-0010
20061479,,GASKET,垫圈,,,,NTE240,100-0010
20061582,,OUTLET ADAPTER,出口适配器,,,,NTE240,100-0010
20061583,,O O-RING,形圈,,,,NTE240,100-0010
20061584,,SCREW,螺钉,,,,NTE240,100-0010
20061585,,LABEL,标签,,,,NTE240,100-0010
20061586,,PLUG,塞,,,,NTE240,100-0010
20061587,,PRESSURE RELIEF VALVE,压力释放阀,,,,NTE240,100-0010
20061588,,VENT VALVE KIT,泄压阀配件包,,,,NTE240,100-0010
20061589,,MOTOR REPLACEMENT KIT,马达更换配件包,,,,NTE240,100-0010
20061590,,LABEL,标签,,,,NTE240,100-0010
20061591,,LABEL,标签,,,,NTE240,100-0010
20061592,,CONNECTOR KIT,接头配件包,,,,NTE240,100-0010
20061593,,PUMP LOWER ASSEMBLY,泵下部组件,,,,NTE240,100-0010
20061594,,GEAR BOX HOUSING,齿轮箱壳体,,,,NTE240,100-0010
20061595,,CONNECTING ROD,连接杆,,,,NTE240,100-0010
20061596,,GEAR BOX TO PUMP BRACKET GREASE PUMP ASSEMBLY,齿轮箱到泵支架 油脂泵总成,,,,NTE240,100-0010
20061597,,SCREW,螺钉,,,,NTE240,100-0010
20061598,,BOLT,螺栓,,,,NTE240,100-0010
20061599,,O O-RING PACKING,形圈封装,,,,NTE240,100-0010
20061600,,GEAR,齿轮,,,,NTE240,100-0010
20061601,,RETAINING INTERNAL RING,内部定位环,,,,NTE240,100-0010
20061602,,GEAR HOUSING,齿轮箱,,,,NTE240,100-0010
20061603,,SCREW,螺钉,,,,NTE240,100-0010
20061604,,CONTROL BOARD,控制面板,,,,NTE240,100-0010
20061605,,CONTROL BOX CO SEAL,控制箱盖密封,,,,NTE240,100-0010
20061606,,CONTROL BOX CO,控制箱盖,,,,NTE240,100-0010
20061607,,O O-RING PACKING,形圈封装,,,,NTE240,100-0010
20061608,,MOTOR,马达,,,,NTE240,100-0010
20061609,,LOCK WASHER,锁紧垫圈,,,,NTE240,100-0010
20061610,,SCREW,螺钉,,,,NTE240,100-0010
20061611,,CO,盖,,,,NTE240,100-0010
20061613,,BOLT,螺栓,,,,NTE240,100-0010
20061614,,RING,环,,,,NTE240,100-0010
20061615,,NUT,螺母,,,,NTE240,100-0010
20061616,,WASHER,垫圈,,,,NTE240,100-0010
20061617,,NUT,螺母,,,,NTE240,100-0010
20061618,,U U-CUP PACKING,形杯封装,,,,NTE240,100-0010
20061619,,CYLINDER,气缸,,,,NTE240,100-0010
20061620,,CYLINDER,气缸,,,,NTE240,100-0010
20061621,,GASKET,垫圈,,,,NTE240,100-0010
20061622,,SEAL,密封,,,,NTE240,100-0010
20061623,,CYLINDER,气缸,,,,NTE240,100-0010
20061624,,O O-RING,形圈,,,,NTE240,100-0010
20061625,,SEAL,密封,,,,NTE240,100-0010
20061626,,DISPLACEMENT ROD,位移杆,,,,NTE240,100-0010
20061627,,PISTON ROD,活塞杆,,,,NTE240,100-0010
20061628,,PISTON SEAL,活塞密封件,,,,NTE240,100-0010
20061629,,ROD,连杆,,,,NTE240,100-0010
20061630,,PISTON,活塞,,,,NTE240,100-0010
20061631,,PIN,销,,,,NTE240,100-0010
20061756,,TEE,三通,,,,NTE240,100-0000
20061759,CONTROLLER,CONTROLLER,控制器,13858.1,ЦСС,,NTE240,100-0000
20061761,,CONNECTOR,活接头,,,,NTE240,100-0000
20061762,,CONNECTOR,隔板接头,,,,NTE240,100-0000
20061763,,TEE,三通,,,,NTE240,100-0000
20061765,,OIL EJECTOR SL-1-3,注油器GL-1-3 前桥左分配器主油,,,,NTE240,100-0000
20061767,,CONNECTOR,接头,,,,NTE240,100-0000
20061768,Инжектор ЦСС GL1-4,OIL EJECTOR SL-1-4,注油器GL-1-4,17271.39,ЦСС,,NTE240,100-0000
20061769,Масляная форсунка ЦСС,OIL EJECTOR SL-1-2,注油器GL-1-2,5989.71,ЦСС,,NTE240,100-0000
20061770,,CONNECTOR,对接头,,,,NTE240,100-0000
20061771,,PLUG,堵头,,,,NTE240,100-0000
20061773,Адаптер,CONNECTOR,接头,67.08,,,NTE240,100-0000
20061970,,CONNECTOR,接头,,,,NTE240,100-0000
20061971,,CONNECTOR,接头,,,,NTE240,100-0000
20061972,Реле давления,PRESSURE SWITCH,压力开关,2436.6,,,NTE240,100-0000
20062030,·GUIDE SLEEVE,GUIDE SLEEVE,导向套,57376.48,,,NTE240,070-0020
20062129,REAR SUSPENSION Assy,CYLINDER Assy,前悬缸总成,224619.54,Задний мост,,NTE240,070-0020
20062241,CHARGED MIRROR,CHARGED MIRROR,电加热平面镜,2698.69,,,NTE240,090-0150
20062243,CHARGED MIRROR,CHARGED MIRROR,电加热凸面镜,2588.99,,,NTE240,090-0160
20062267,MIRROR BRACKET,MIRROR BRACKET,镜支架,2476.61,,,NTE240,090-0150
20062269,,PLATE,板,,,,NTE240,100-0270
20062270,,HEATER MTG BRACKET,加热器安装架,,,,NTE240,100-0270
20062274,,HEATER,加热器,,,,NTE240,100-0270
20062275,,SWITCH,开关,,,,NTE240,100-0270
20062276,,AIR PIPE,进气管,,,,NTE240,100-0270
20062277,HEATER ASSM,HEATER ASSY,加热器总成,15769.94,,,NTE240,100-0270
20062278,,EXHAUST PIPE,排气管,,,,NTE240,100-0270
20062281,,FUEL HOSE,油管,,,,NTE240,100-0270
20062282,,FUEL PUMP,油泵,,,,NTE240,100-0270
20062312,,HEATER DIESEL TANK,加热器柴油箱,,,,NTE240,100-0270
20062389,HARNESS REAR LAMP,HARNESS ALEX,桥箱灯线束,425.82,Электрооборудование,,NTE240,030-0020
20062391,HARNESS ENGINE STAR,HARNESS START,发动机起动线束,556.5,Электрооборудование,,NTE240,030-0020
20062392,HARNESS SHAUTTER,HARNESS SHUTER,百叶窗线束,535.64,Электрооборудование,,NTE240,030-0020
20062807,,SCREEN,风口,,,,NTE240,100-0270
20062829,,BASE SEAL,密封垫,,,,NTE240,100-0270
20062830,,HEATER HARNESS,加热器线束,,,,NTE240,100-0270
20062831,,PUMP HARNESS,油泵线束,,,,NTE240,100-0270
20062832,Топливный фильтр отопителя,FILTER,油滤,112.64,Фильтр,,NTE240,100-0270
20062840,,L BRACKET,支架,,,,NTE240,030-0020
20063219,SEAL KIT,SEAL KIT,,11657.83,Задний мост,,NTE240,070-0020
20063255,,PLATE,护栏压板,,,,NTE240,020-0020
20064092,,BRACKET ASSY,支架总成,,,,NTE240,050-0040 050-0090
20064105,,BRACKET ASSY,支架总成,,,,NTE240,050-0040 050-0240
20064133,,BRACKET ASSY,支架总成,,,,NTE240,050-0170
20064135,,BRACKET,支架总成,,,,NTE240,050-0090
20064288,,BRACKET,支架总成,,,,NTE240,050-0090
20064345,,BRACKET,支架总成,,,,NTE240,030-0040 050-0170
20064417,,BRACKET ASSY,支架总成,,,,NTE240,050-0040 050-0170
20064422,,BRACKET ASSY,支架总成,,,,NTE240,050-0170
20064458,,WHEEL CAP,轮毂罩,,,,NTE240,100-0060
20064463,,MAGNETIC PLUG,磁堵,,,,NTE240,100-0060
20064464,,O-SEAL,密封圈,,,,NTE240,100-0060
20064590,,GUIDE SLEEVE,导向套,,,,NTE240,070-0070
20064591,Rear suspension cylinder assembly,CYLINDER ASSY,后悬缸总成,277040.86,,,NTE240,070-0070
20064598,Sealed package,SEAL KIT,,6389.69,,,NTE240,070-0070
20064605,,BRACKET,支架总成,,,,NTE240,040-0010 050-0240
20064610,,BRACKET,支架总成,,,,NTE240,040-0010
20064646,Сиденье водителя в сборе,SEAT ASSY,座椅总成,46421.68,,,NTE240,090-0070
20064665,,CONTROL TOWER,操纵塔,,,,NTE240,090-0020
20064671,,ADAPTOR,接头,,,,NTE240,090-0140
20064679,shaft sleeve,,轴套,841.11,,,NTE240,070-0040
20064680,shaft sleeve,,轴套,1086.98,,,NTE240,070-0040
20064682,,,压板,,,,NTE240,070-0040
20064703,,VALVE ASSY,测压阀块,,,,NTE240,050-0170
20064704,,STEERING VALVE,转向阀块,,,,NTE240,050-0090 050-0150
20064752,,BRACKET,支架总成,,,,NTE240,040-0010
20065000,,BRACKET,支架,,,,NTE240,020-0040
20065044,Трубка тормозная,STEEL PIPE PARKING BRAKES,驻车制动器钢管,578.15,,,NTE240,080-0010
20065045,Трубка тормозная,STEEL PIPE SERVICE BRAKES,行车制动器钢管,592.37,,,NTE240,080-0010
20065046,Трубка тормозная,STEEL PIPE SERVICE BRAKES,行车制动钢管,692.43,,,NTE240,080-0010
20065062,respirator,BREATHER,呼吸器,928.75,Гидравлическая система,,NTE240,050-0020
20065064,Шланг,HOSE,软管,758.29,,,NTE240,040-0050
20065066,Hose assembly,HOSE,软管,577.07,,,NTE240,040-0050
20065067,Dust ring,,防尘环,591.97,,,NTE240,070-0040
20065070,,ELEMENT ASSY,滤芯总成,,,,NTE240,050-0010
20065079,High pressure filter element components and sealing components,ELEMENT AND SEAL UNITS (INCLUDE ITEM NO AND,滤芯组件及密封组件（包括序号005、006、007、,1130.46,Гидравлическая система,,NTE240,050-0070
20065080,pin shaft,,销轴,8870.12,,,NTE240,070-0040
20065082,Подшипник,,轴承,3634.39,,,NTE240,070-0040
20065151,,PLATE,板,,,,NTE240,090-0050
20065258,PLANT,PLANT,电阻栅挡板,96.22,,,NTE240,030-0130
20065265,Шайба,WASHER,垫片,32.94,,,NTE240,040-0060
20065277,,BATTERY BOX,电瓶箱,,,,NTE240,030-0040
20065292,,DECAL-BATTERY,蓄电池贴片,,,,NTE240,030-0040
20065294,,PLATE,开关板,,,,NTE240,090-0050
20065463,,ADHENSIVE RUBBER,粘结剂,,,,NTE240,040-0080
20065464,,,螺杆,,,,NTE240,070-0040
20065465,,,手柄,,,,NTE240,070-0040
20065467,a dust cover,,防尘套,1307.45,,,NTE240,070-0040
20065481,Heat dissipation tube,COOLING PIPE,散热管,292.78,,,NTE240,040-0060
20065501,,RADIATOR ROD,散热器拉杆,,,,NTE240,040-0060
20065503,,HOOD LH,前护罩,,,,NTE240,040-0040
20065504,,VALVE,球阀,,,,NTE240,040-0010 100-0030
20065550,,,电缆入口板,,,,NTE240,070-0040
20065591,,NIPPLE JOINT,螺纹接管,,,,NTE240,050-0020
20065592,,FILTER ASSY,压力过滤器,,,,NTE240,050-0040 050-0070 050-0090
20065593,Filter Core Assembly,LOW PRESSURE OIL FILTER ASSY,低压过滤器总成,6307.28,Фильтр,,NTE240,050-0010 050-0020
20065597,,BRACKET FILTER,过滤器支架,,,,NTE240,050-0040
20065598,,BRACKET,流量放大器支架,,,,NTE240,050-0090
20065599,,HOOD SENSOR,传感器护罩,,,,NTE240,050-0020
20065600,,BRACKET,支架,,,,NTE240,050-0090
20065671,Пусковое реле,SOLENOID MAGNETIC SWITCH,启动继电器,1600.08,,,NTE240,030-0025
20065696,,HOOD ASSY,护罩总成,,,,NTE240,020-0030
20065710,,CHAIN,链条,,,,NTE240,020-0020
20065714,,GRILL LHS,左护栅,,,,NTE240,020-0030
20065715,,GRILL RHS,右护栅,,,,NTE240,020-0030
20065716,,GRILL LHS,左护栅,,,,NTE240,020-0030
20065718,,LADDER ASSY,梯总成,,,,NTE240,020-0020
20065733,,PLATFORM ASSY LADDER AND RAILING MOUNTING,小平台 梯子和护栏安装,,,,NTE240,020-0020
20065741,,PLATFORM ASSY LHS,左平台总成,,,,NTE240,020-0020
20065761,,PLATFORM ASSY RHS,右平台总成,,,,NTE240,020-0020
20065769,,LADDER ASSY,梯总成,,,,NTE240,020-0020
20065779,,PLATE,板,,,,NTE240,020-0020
20065780,,FRONT HANDRAIL ASSY,前护栏总成,,,,NTE240,020-0020
20065786,,HANDRAIL ASSY LHS,左护栏总成,,,,NTE240,020-0020
20065793,,HANDRAIL ASSY RHS,右护栏总成,,,,NTE240,020-0020
20065796,,REAR HANDRAIL ASSY,后护栏总成,,,,NTE240,020-0020
20065799,,HANDRAIL ASSY,护栏总成,,,,NTE240,020-0020
20065803,,BRACKET ASSY,支架总成,,,,NTE240,020-0020
20065806,,MOUNTING PLATE,安装板,,,,NTE240,020-0020
20065807,,BRACKET ASSY LHS,左支架总成,,,,NTE240,020-0020
20065813,,BRACKET ASSY RHS,右支架总成,,,,NTE240,020-0020
20065818,,HANDRAIL ASSY,护栏总成,,,,NTE240,020-0020
20065822,,HANDRAIL ASSY,扶手总成,,,,NTE240,020-0020
20065825,,DOOR ASSY,门总成,,,,NTE240,020-0020
20065828,,HANDRAIL ASSY,护栏总成,,,,NTE240,020-0020
20065831,,BENT PLATE,弯板,,,,NTE240,020-0020
20065832,,MUD BRACKET ASSY LHS,左挡泥板支架,,,,NTE240,020-0020
20065839,,BENT PLATE,弯板,,,,NTE240,020-0020
20065840,,BENT PLATE,弯板,,,,NTE240,020-0020
20065841,,BENT PLATE,弯板,,,,NTE240,020-0020
20065842,,BENT PLATE,弯板,,,,NTE240,020-0020
20065843,,BENT PLATE,弯板,,,,NTE240,020-0020
20065844,,PLATE,板,,,,NTE240,020-0020
20065846,,SADDLE CLIP,轻型鞍型管夹,,,,NTE240,020-0020
20065851,,MUD GUARD,挡泥板,,,,NTE240,020-0110
20065853,,STEEL ANGLE,角钢,,,,NTE240,020-0110
20065854,,PLATE,板,,,,NTE240,020-0110
20066087,,IRON WIRE,铁丝,,,,NTE240,050-0080
20066123,hydraulic oil tank,HYDRAULIC TANK,液压油箱焊接总成,47320.0,,,NTE240,050-0020
20066132,,PLATE,挡块,,,,NTE240,050-0020
20066133,,PLATE,压板,,,,NTE240,050-0020
20066140,Hose assembly,HOSE ASSY,软管总成,9240.07,Гидравлическая система,,NTE240,050-0040
20066145,Hose assembly,HOSE ASSY,软管总成,4441.87,Гидравлическая система,,NTE240,050-0040
20066146,Hose assembly,HOSE ASSY,软管总成,5634.65,Гидравлическая система,,NTE240,050-0040
20066147,Hose assembly,HOSE ASSY,软管总成,6054.58,Гидравлическая система,,NTE240,050-0040
20066149,,TUBE ASSY DUMP LINES MOUNTING,钢管总成 举升管路安装,,,,NTE240,050-0040
20066151,,SEAT PIPE CLIP,管夹座,,,,NTE240,050-0040
20066158,,TUBEASSY,钢管总成,,,,NTE240,050-0090
20066159,,TUBEASSY,钢管总成,,,,NTE240,050-0090
20066160,,TUBEASSY,钢管总成,,,,NTE240,050-0090
20066161,,TUBEASSY,钢管总成,,,,NTE240,050-0090
20066162,,TUBEASSY,钢管总成,,,,NTE240,050-0090
20066163,,TUBEASSY,钢管总成,,,,NTE240,050-0090
20066167,Клапан,FOOT VALVE HYDRAULIC BRAKE LINES MOUNTING,脚制动阀 液压制动管路安装,37433.16,Гидравлическая система,,NTE240,050-0170 050-0190
20066172,,TUEB ASSY,钢管总成,,,,NTE240,050-0170
20066173,,TUEB ASSY,钢管总成,,,,NTE240,050-0170
20066174,,TUEB ASSY,钢管总成,,,,NTE240,050-0170
20066175,,TUEB ASSY,钢管总成,,,,NTE240,050-0170
20066176,,TUEB ASSY,钢管总成,,,,NTE240,050-0170
20066177,,TUEB ASSY,钢管总成,,,,NTE240,050-0170
20066178,,TUEB ASSY,钢管总成,,,,NTE240,050-0170
20066179,,TUEB ASSY,钢管总成,,,,NTE240,050-0170
20066180,,TUEB ASSY,钢管总成,,,,NTE240,050-0170
20066181,,TUEB ASSY,钢管总成,,,,NTE240,050-0170
20066182,,TUEB ASSY,钢管总成,,,,NTE240,050-0170
20066183,,TUEB ASSY,钢管总成,,,,NTE240,050-0170
20066184,,TUEB ASSY,钢管总成,,,,NTE240,050-0170
20066185,,TUEB ASSY,钢管总成,,,,NTE240,050-0170
20066186,,TUEB ASSY,钢管总成,,,,NTE240,050-0170
20066187,,TUBE,钢管总成,,,,NTE240,050-0240
20066188,,TUBE,钢管总成,,,,NTE240,050-0240
20066189,,BRACKET,支架总成,,,,NTE240,050-0240
20066192,,TUEB ASSY,钢管总成,,,,NTE240,050-0170
20066193,,TUEB ASSY,钢管总成,,,,NTE240,050-0170
20066194,,TUEB ASSY,钢管总成,,,,NTE240,050-0170
20066212,,RUBBER BUSHING,橡胶衬套,,,,NTE240,050-0030
20066213,,,,,,,NTE240,050-0250
20066215,,,,,,,NTE240,050-0250
20066258,,PLATE,板,,,,NTE240,030-0040
20066259,,PLATE ASM,板总成,,,,NTE240,030-0040
20066266,,FLAT WASHER,垫片,,,,NTE240,050-0030
20066310,,BRACKET,支架,,,,NTE240,030-0160
20066325,,BRACKET,支架,,,,NTE240,090-0140
20066326,,BRACKET,支架,,,,NTE240,090-0140
20066330,Hose assembly,HOSE ASSY,软管总成,1034.47,,,NTE240,090-0140
20066332,,BOX,箱体,,,,NTE240,090-0100
20066333,,DEFROST FLAP,除霜风门,,,,NTE240,090-0100
20066334,,DRI FLAP,吹面风门,,,,NTE240,090-0100
20066335,,THERMOSTAT-AIR,回风温度传感器,,,,NTE240,090-0100
20066336,,ACTUATOR,执行器,,,,NTE240,090-0100
20066666,,BRACKET,支架总成,,,,NTE240,050-0090
20066678,,PERSS PLATE,压板,,,,NTE240,020-0010
20066693,,REAR DOOR-LH,左后门,,,,NTE240,090-0010
20066694,,REAR DOOR-RH,右后门,,,,NTE240,090-0010
20066696,,EXTINGUISHER,灭火器,,,,NTE240,090-0010
20066697,,HARNESS,电缆总成,,,,NTE240,030-0025
20066700,,CONTROL TOWER WELD,操纵塔焊接,,,,NTE240,090-0020
20066716,,VCR,录像机,,,,NTE240,210-0350
20066717,,CABLE(R),影像线束（右）,,,,NTE240,210-0350
20066719,Контроллер,CAMERA,摄像头,15930.55,,,NTE240,210-0350
20066822,,U U- CLAMP,型卡子,,,,NTE240,040-0050
20066885,clip,CLAMP,卡子,1370.11,,,NTE240,040-0050
20067084,,PAD-BATTERY,橡胶垫,,,,NTE240,030-0040
20067096,,STRIKER,锁柱,,,,NTE240,090-0010
20067097,LOCK,DOOR LOCK-LH,左门锁,1030.74,Кузов,,NTE240,090-0030
20067098,LOCK,DOOR LOCK-RH,右门锁,1030.74,Кузов,,NTE240,090-0040
20067147,#N/A,INTERIOR LAMP,室内灯,747.94,Кабина,,NTE240,090-0010
20067185,,SLIDE RAIL-UPPER,上导轨总成,,,,NTE240,090-0030
20067186,,SLIDE RAIL-LOWER,下导轨总成,,,,NTE240,090-0030
20067187,Стекло двери,DOOR GLASS,门玻璃,1571.43,Кабина,,NTE240,090-0030 090-0040
20067189,,SLIDE RAIL-UPPER,上导轨总成,,,,NTE240,090-0040
20067190,,SLIDE RAIL-LOWER,下导轨总成,,,,NTE240,090-0040
20067222,,DATA PLATE,铭牌,,,,NTE240,100-0030
20067228,,DATA PLATE,铭牌,,,,NTE240,100-0030
20067229,,DATA PLATE,铭牌,,,,NTE240,100-0030
20067350,HORN,HORN,双音蜗牛喇叭,484.69,,,NTE240,030-0180
20067510,,BOLT,螺栓,,,,NTE240,040-0070
20067511,Подушка радиатора,SHOCK PAD,减震垫,316.25,,,NTE240,040-0060
20067512,,ADAPTER,接头,,,,NTE240,050-0020
20067513,,NUT-SIGHT GLASS,视窗螺母,,,,NTE240,020-0040 050-0020
20067532,,Lamp,配电箱灯,,,,NTE240,030-0025
20067535,,CABLE ASM,驾驶室接地电缆,,,,NTE240,030-0025
20067621,T clamp,T T-CLIP,夹子,123.65,,,NTE240,040-0040
20067622,T clamp,T T-CLIP,夹子,202.69,,,NTE240,040-0040
20067623,,BRACKET,支架,,,,NTE240,040-0040
20068156,,ADAPTER,接头,,,,NTE240,040-0010
20068157,,VALVE,球阀,,,,NTE240,040-0010
20068168,,,盖总成,,,,NTE240,070-0040
20068334,Клапан,AMPLIFIER VALVE STEERING LINES MOUNTING,流量放大器 转向管路安装,36522.87,Гидравлическая система,,NTE240,050-0090
20068426,,"BACKREST ASSY ,LH, CLOTH CO ,IPS,HEAT",靠背总成,,,,NTE240,090-0070
20068427,,BACKREST CO -CLOTH,靠背,,,,NTE240,090-0070
20068428,,IPS-AIR LUMBAR CHAMBERS,腰部支撑,,,,NTE240,090-0070
20068429,,"HEADREST ASSY,CLOTH",头枕,,,,NTE240,090-0070
20068430,,PLASTIC SHOULDER BELT CO LH,安全带支架,,,,NTE240,090-0070
20068431,Ремень безопастности,"SEAT BELT ASM, POINT,LH BLACK",点安全带,1858.55,,,NTE240,090-0070
20068432,,SHOULDER BOLTS FOR BACKREST,螺栓,,,,NTE240,090-0070
20068433,,CUSHION GLIDES,坐垫滑轨,,,,NTE240,090-0070
20068434,,SEAT BELT RETRACTOR,安全带插头,,,,NTE240,090-0070
20068435,,"SIDECO RH, OPPOSITE CONTROLS",右侧护盖,,,,NTE240,090-0070
20068436,,"LOWER BACKREST LOCKING, LH,BOLT",靠背锁止组件,,,,NTE240,090-0070
20068437,,HANDLE FOR BACKREST ADJ,靠背调节手柄,,,,NTE240,090-0070
20068438,,SIDECO LH,左侧护盖,,,,NTE240,090-0070
20068439,,HEATER SWITCH,加热开关,,,,NTE240,090-0070
20068440,,IPS-VALVE LH,左腰部支撑阀,,,,NTE240,090-0070
20068441,SHOCK ABSORBER,"ADJUSTMENT FOR SHOCK ABSORBER, LH ADJUSTMENT VALVE",减震调节手柄,,,,NTE240,090-0070
20068442,,ADJUSTMENT FOR INCLINATION PASSENGER SEAT ASSEMBLY,角度调节装置 乘员座椅总成,,,,NTE240,090-0070
20068443,Клапан регулировки по весу и высоте,FOR WEIGHT AND HEIGHT,重量高度调节阀,1708.83,,,NTE240,090-0070
20068444,,FRONT CO,前盖,,,,NTE240,090-0070
20068445,,REAR CO,后盖,,,,NTE240,090-0070
20068446,damper cylinder,"SHOCK ABSORBER, ADJ",减震缸,928.2,,,NTE240,090-0070
20068447,Подушка сиденья,AIR SPRING,减震气囊,4209.93,,,NTE240,090-0070
20068448,Компрессор сиденья,COMPRESSOR 24V,压缩机,6269.39,,,NTE240,090-0070
20068449,,RELAY,继电器,,,,NTE240,090-0070
20068450,,BELLOWS,波纹护罩,,,,NTE240,090-0070
20068451,,BELLOW FASTENERS,护罩固定件,,,,NTE240,090-0070
20068452,,SLIDE SET,滑道,,,,NTE240,090-0070
20068453,,SLIDE HANDLE,滑道手柄,,,,NTE240,090-0070
20068454,,"SEAT CUSHION WITH CLOTH CO , HEAT",坐垫,,,,NTE240,090-0070
20068455,,CLOTH CO FOR SEAT CUSHION,坐垫,,,,NTE240,090-0070
20068456,,HANDLE SEAT CUSHION ADJ,坐垫调节手柄,,,,NTE240,090-0070
20068457,,ARMREST KIT-LH,左扶手,,,,NTE240,090-0070
20068458,,ARMREST KIT-RH,右扶手,,,,NTE240,090-0070
20068459,,WIRE CONNECTOR KIT,线束插头,,,,NTE240,090-0070
20068477,,REAR DOOR LOCK,后门锁,,,,NTE240,090-0010
20068478,,HAMMER,逃生锤,,,,NTE240,090-0010
20068562,,POWER MODE,电源模块,,,,NTE240,090-0050
20068563,,POWER SOCKET,电源接口12V,,,,NTE240,090-0050
20068564,,RJ45 RJ45,接口,,,,NTE240,090-0050 100-0120
20068565,,GUIDE SLEEVE,导向套,,,,NTE240,050-0080
20068806,,BRACKET-HORN,喇叭支架,,,,NTE240,030-0180
20068808,,WIRE,线束,,,,NTE240,040-0020
20069172,,CROSS,专用四通,,,,NTE240,100-0100
20069360,Lift cylinder assembly,HOIST CYLINDER ASSY,举升缸总成,180032.13,Гидравлическая система,,NTE240,050-0080
20069432,,SHADE,信息复位灯罩,,,,NTE240,100-0120
20069481,,SILICON RUBBER,硅胶,,,,NTE240,040-0080
20069867,,BRACKET,支架,,,,NTE240,040-0020
20069894,,REAR DOOR SEAL-LH,左后门密封条,,,,NTE240,090-0010
20069895,,REAR DOOR SEAL-RH,右后门密封条,,,,NTE240,090-0010
20069896,,HINGE A,铰链A,,,,NTE240,090-0010
20069897,,HINGE B,铰链B,,,,NTE240,090-0010
20069900,,HARNESS-SWITCH,驾驶室顶部线束,,,,NTE240,090-0010
20069991,,BRACKET,支架,,,,NTE240,090-0010
20070004,РВД,HOSE ASSY,软管总成,2819.05,,,NTE240,090-0140
20070005,РВД,HOSE ASSY,软管总成,2920.0,Гидравлическая система,,NTE240,090-0140
20070024,,CO PLATE FR,前盖板,,,,NTE240,090-0100
20070025,,FILTER CO,滤芯盖板,,,,NTE240,090-0100
20070036,,SPACER RING,隔环,,,,NTE240,050-0080
20070141,,BENT PLATE,踢脚板,,,,NTE240,020-0020
20070152,,BRACKET,支架,,,,NTE240,040-0040
20070153,,CLIP,夹子,,,,NTE240,040-0040 040-0070
20070199,,CALORIFIER,机油加热器,,,,NTE240,210-0413
20070200,,FUEL TAG,燃油箱标牌,,,,NTE240,020-0040
20070201,,DRAIN PLUG,排油螺塞,,,,NTE240,020-0040
20070202,,CHECK VALVE,单向阀,,,,NTE240,020-0040
20070203,,CONE,锥管,,,,NTE240,020-0040
20070231,,PIN,销,,,,NTE240,050-0080
20070232,,CO PLATE,盖板,,,,NTE240,050-0080
20070358,Sealed package,SEAL KIT,,16944.56,,,NTE240,050-0080
20070485,,PAD PAD,,,,,NTE240,100-0100
20070486,,CONTROLLER,控制盒,,,,NTE240,100-0100
20070487,,PLATE,控制盒支架,,,,NTE240,100-0100
20070488,,ICM ICM,,,,,NTE240,100-0100
20070489,,ICM ICM BATTERY,电池,,,,NTE240,100-0100
20070490,,CABLE,探测回路连接线（3.05m）,,,,NTE240,100-0100
20070491,,CABLE,释放回路连接线（3.05m）,,,,NTE240,100-0100
20070492,,CABLE,探测回路连接线（1.53m）,,,,NTE240,100-0100
20070493,,CABLE,探测回路连接线（6.10m）,,,,NTE240,100-0100
20070494,,RELAY CABLE,继电器连接线,,,,NTE240,100-0100
20070495,,RELAY CABLE FIRE SUPPRESSION SYSTEM,继电器线 自动灭火安装,,,,NTE240,100-0100
20070496,,AA HOSE AA,软管,,,,NTE240,100-0100
20070497,,BB HOSE BB,软管,,,,NTE240,100-0100
20070498,,CC HOSE CC,软管,,,,NTE240,100-0100
20070499,,AH HOSE AH,软管,,,,NTE240,100-0100
20070501,,AH11 HOSE AH11,软管,,,,NTE240,100-0100
20070502,,AH12 HOSE AH12,软管,,,,NTE240,100-0100
20070504,,AH21 HOSE AH21,软管,,,,NTE240,100-0100
20070505,,AH22 HOSE AH22,软管,,,,NTE240,100-0100
20070507,,AH31 HOSE AH31,软管,,,,NTE240,100-0100
20070508,,AH32 HOSE AH32,软管,,,,NTE240,100-0100
20070509,,BH HOSE BH,软管,,,,NTE240,100-0100
20070511,,BH11 HOSE BH,软管,,,,NTE240,100-0100
20070512,,BH12 HOSE BH,软管,,,,NTE240,100-0100
20070514,,BH21 HOSE BH21,软管,,,,NTE240,100-0100
20070515,,BH22 HOSE BH,软管,,,,NTE240,100-0100
20070517,,BH31 HOSE BH31,软管,,,,NTE240,100-0100
20070518,,BH32 HOSE BH32,软管,,,,NTE240,100-0100
20070519,,CH HOSE CH,软管,,,,NTE240,100-0100
20070521,,CH11 HOSE CH11,软管,,,,NTE240,100-0100
20070522,,CH12 HOSE CH12,软管,,,,NTE240,100-0100
20070524,,CH21 HOSE CH21,软管,,,,NTE240,100-0100
20070525,,CH22 HOSE CH22,软管,,,,NTE240,100-0100
20070528,,CH31 HOSE CH31,软管,,,,NTE240,100-0100
20070529,,CH32 HOSE CH32,软管,,,,NTE240,100-0100
20070530,,CABLE WEIGHT SYST REAR VIEW,电缆 自动称重系统,,,,NTE240,100-0100
20070545,,PLATE,板,,,,NTE240,020-0020
20070546,,RUBBER PLATE,橡胶板,,,,NTE240,020-0020
20070596,Фильтр тормозной линии,FILTER,过滤器,5185.61,Фильтр,,NTE240,050-0170
20070636,Контроллер,ACCA CONTROLLER,控制器,133324.03,Электрооборудование,,NTE240,100-0120
20070637,Дисплей,ACCA ACCA DISPLAY,显示器,166556.93,Электрооборудование,,NTE240,100-0120
20070640,Датчик наклона,ACCA ACCA DIP SENSOR,倾角传感器,18342.61,,,NTE240,100-0120
20070641,Датчик давления,ACCA ACCA PRESSURE SENSOR,压力传感器,2060.25,,,NTE240,100-0120
20070709,,PLATE,板,,,,NTE240,050-0090
20070711,,PLATE,板,,,,NTE240,090-0050
20070981,,C C-NOZZLE,型喷头,,,,NTE240,100-0100
20071022,,FRONT HOOD LH,左前护罩,,,,NTE240,040-0040
20071023,,FRONT HOOD RH,右前护罩,,,,NTE240,040-0040
20071024,T clamp,T T-CLIP,夹子,238.17,,,NTE240,040-0040
20071436,Сдвоенный насос,PUMP,双联齿轮泵,44974.97,Гидравлическая система,,NTE240,050-0030 050-0050
20071502,,PLATE,支架,,,,NTE240,030-0020
20071531,,PLATE,螺纹板,,,,NTE240,050-0030
20071534,,ADAPTOR,隔板接头,,,,NTE240,050-0090 050-0170
20071535,Манометр,GUAGE,压力表,680.05,Гидравлическая система,,NTE240,050-0090 050-0170
20071575,PLANT,PLANT,电阻柜进风挡板,145.12,,,NTE240,030-0130
20071757,,HARNESS-A/C,空调控制面板线束,,,,NTE240,090-0010
20071782,Кондиционер,A/C&HEATER UNIT,空调主机,15356.71,,,NTE240,090-0100 090-0140
20071783,,HARNESS,线束,,,,NTE240,090-0100
20071784,Панель управления,CONTROL PANEL,控制面板,1570.97,Электрооборудование,,NTE240,090-0100
20071787,,ADAPTOR,接头,,,,NTE240,090-0100
20071788,,HOSE,软管,,,,NTE240,090-0100
20072000,Фильтр кондиционера,FILTER ELEMENT,回风滤芯,359.91,Фильтр,,NTE240,090-0100
20072016,,BENT PLATE,挡泥弯板,,,,NTE240,020-0020
20072077,Лампа,BACKUP LIGHT,倒车灯,521.21,,,NTE240,030-0060
20072078,Фара ближнего света,DIPPED HEADLIGHT,近光灯,1099.36,Электрооборудование,,NTE240,030-0060
20072451,RADIATOR---,RADIATOR,散热器总成,606666.68,Cummins,,NTE240,040-0060
20072696,,FAN,风扇,,,,NTE240,040-0000
20072815,,RADIATOR PIPE,散热器水管,,,,NTE240,040-0050
20072816,,RADIATOR PIPE,散热器水管,,,,NTE240,040-0050
20072817,,RADIATOR PIPE,散热器水管,,,,NTE240,040-0050
20072818,,RADIATOR PIPE,散热器水管,,,,NTE240,040-0050
20072819,,RADIATOR PIPE,散热器水管,,,,NTE240,040-0050
20072825,,JUNCTION PLATE,接线板,,,,NTE240,030-0040
20072826,,JUNCTION PLATE,接线板,,,,NTE240,030-0040
20072828,,PLATE,压板,,,,NTE240,030-0040
20072829,,CABLE GENERAT,发电机电缆,,,,NTE240,030-0040
20072863,,FRONT BRACKET,发动机前支撑架,,,,NTE240,040-0000
20072915,,PLATE,板,,,,NTE240,020-0020
20072934,,PLATE,板,,,,NTE240,020-0020
20072935,,BENT PLATE,弯板,,,,NTE240,020-0020
20072952,,PLATE,板,,,,NTE240,090-0050 100-0120
20073019,,SHIM,调隙片0.01〞,,,,NTE240,040-0000
20073020,,SHIM,调隙片0.02〞,,,,NTE240,040-0000
20073023,,BACKFLOW PLATE,防回流板,,,,NTE240,210-0423
20073024,,BACKFLOW PLATE,防回流板,,,,NTE240,210-0423
20073025,,BACKFLOW PLATE,防回流板,,,,NTE240,210-0423
20073026,,BACKFLOW PLATE,防回流板,,,,NTE240,210-0423
20073070,Hose assembly,FUEL PIPE,软管总成,3614.3,,,NTE240,040-0010
20073071,HOSE ASSY,FUEL PIPE,软管总成,2083.74,,,NTE240,040-0010
20073073,Патрубок воздуховода,ELBOW RUBBER,橡胶弯头,4924.09,,,NTE240,040-0040
20073074,Rubber Elbow,ELBOW RUBBER,橡胶弯头,1293.51,,,NTE240,040-0040
20073075,Hump tube,HUMP PIPE,驼峰管,415.82,,,NTE240,040-0040
20073076,,BRACKET,支架,,,,NTE240,040-0040
20073077,,BRACKET,支架,,,,NTE240,040-0040
20073078,,HANGER,吊架,,,,NTE240,040-0040
20073079,,HANGER,吊架,,,,NTE240,040-0040
20073080,,HANGER,吊架,,,,NTE240,040-0040
20073081,,AIR PIPE,进气管,,,,NTE240,040-0040
20073083,,AIR PIPE,进气管,,,,NTE240,040-0040
20073084,,AIR PIPE,进气管,,,,NTE240,040-0040
20073085,,AIR PIPE,进气管,,,,NTE240,040-0040
20073086,,AIR PIPE,进气管,,,,NTE240,040-0040
20073087,,AIR PIPE,进气管,,,,NTE240,040-0040
20073088,,AIR PIPE,进气管,,,,NTE240,040-0040
20073092,,AIR PIPE,进气管,,,,NTE240,040-0040
20073093,,REAR BRACKET.LH,发动机左后托架,,,,NTE240,040-0000
20073094,,REAR BRACKET.RH,发动机右后托架,,,,NTE240,040-0000
20073102,,BRACKET,支架,,,,NTE240,040-0050
20073114,Hose assembly,FUEL PIPE,软管总成,2908.87,,,NTE240,040-0010
20073137,Hose assembly,HOSE ASSY,软管总成,2116.3,,,NTE240,040-0050
20073138,Hose assembly,HOSE ASSY,软管总成,2095.55,,,NTE240,040-0050
20073139,,SHIM,调隙片0.005〞,,,,NTE240,040-0000
20073140,,SHIM,调隙片0.04〞,,,,NTE240,040-0000
20073141,,SHIM,调隙片0.06〞,,,,NTE240,040-0000
20073142,,SHIM,调隙片0.005〞,,,,NTE240,040-0000
20073143,,SHIM,调隙片0.01〞,,,,NTE240,040-0000
20073144,,SHIM,调隙片0.02〞,,,,NTE240,040-0000
20073180,Hose assembly,HOSE ASSY,软管总成,2035.92,,,NTE240,040-0050
20073184,,1D1 CABLE-1D1,电缆总成,,,,NTE240,030-0040
20073185,,1D2 CABLE-1D2,电缆总成,,,,NTE240,030-0040
20073186,,CABLE-GROUND1,电瓶接地电缆1,,,,NTE240,030-0040
20073187,,CABLE-GROUND2,电瓶接地电缆2,,,,NTE240,030-0040
20073209,,BRACKET,支架 矩形柔性风管,,,,NTE240,040-0080
20073210,,WEBBING WIND COOLING LINES MOUNTING,风冷却管路 六角头螺栓,,,,NTE240,040-0080
20073211,,BRACKET,支架 弹簧垫圈,,,,NTE240,040-0080
20073212,,SLEEVE,橡胶垫,,,,NTE240,040-0080
20073213,,BRACKET,支架 铁链,,,,NTE240,040-0080
20073224,High pressure filter cartridge and filter cup assembly,NOTES:,滤杯组件（包括序号010、011、012）,1056.75,Гидравлическая система,,NTE240,050-0070
20073371,,COOLING DUCT,空气通道 风管总成,,,,NTE240,040-0080
20073374,,CLAMP,,,,,NTE240,040-0080
20073376,,CLAMP,风管卡子,,,,NTE240,040-0080
20073378,,CLAMP,风管卡子,,,,NTE240,040-0080
20073380,Oil filling pipe,OIL FILLING PIPE,机油充注管,3286.48,,,NTE240,100-0030
20073431,,CLAMP,管夹,,,,NTE240,040-0080
20073432,flexible duct,FLEX DUCT,柔性风管,3567.13,,,NTE240,040-0080
20073433,flexible duct,FLEX DUCT,风管卡子,3049.3,,,NTE240,040-0080
20073434,Rectangular flexible pipe,FLEX DUCT,矩形柔性风管,4447.92,,,NTE240,040-0080
20073435,Гибкий трубопровод прямоугольный,FLEX DUCT,柔性风管,2594.38,,,NTE240,040-0080
20073446,,CHAIN,热缩套,,,,NTE240,040-0080
20073558,,CABLE ASM,供电电缆总成,,,,NTE240,030-0025
20073910,,CAB ASSY,驾驶室总成,,,,NTE240,090-0010
20073911,,CAB WELDMENT ASSY,驾驶室焊接总成,,,,NTE240,090-0010
20073922,,FLOORMAT,地板垫,,,,NTE240,090-0010
20073930,,SEAL,密封条,,,,NTE240,090-0010
20074133,,INDICATOR BY-PASS,旁路指示器,,,,NTE240,050-0070
20074643,CALIPER,CALIPER,前制动卡钳,39626.36,,,NTE240,080-0000
20074645,,SHIM-BRAKE,制动调隙片,,,,NTE240,080-0000
20074648,,ANGLE BULKHEAD,角钢,,,,NTE240,080-0000
20075370,,TANK CAP,油箱盖,,,,NTE240,100-0270
20075421,,ADAPTOR,阻尼接头,,,,NTE240,050-0090
20075435,,PLATE,诊断板,,,,NTE240,090-0050
20075617,,FUSE,保险,,,,NTE240,100-0270
20075618,,OIL EXTRACTOR,取油器,,,,NTE240,100-0270
20075619,,HOSE CONNECT KIT,油路连接包,,,,NTE240,100-0270
20075620,,CLAMP KIT,卡箍包,,,,NTE240,100-0270
20075905,,BRACKET STEERING LINES MOUNTING,蓄能器支架 转向管路安装,,,,NTE240,050-0090
20076004,return pipe,HOSE,溢流管,1002.82,,,NTE240,100-0000
20076290,,PIPE,弯接管,,,,NTE240,040-0020
20076293,,CONNECTOR,接头,,,,NTE240,100-0000
20076294,,CONNECTOR,接头,,,,NTE240,100-0000
20076386,,,,,,,NTE240,050-0170
20076387,,,,,,,NTE240,050-0170
20076388,,,,,,,NTE240,050-0170
20076389,,,,,,,NTE240,050-0170
20076390,,,,,,,NTE240,050-0170
20076391,,,,,,,NTE240,050-0170
20076392,,,,,,,NTE240,050-0170
20076393,,,,,,,NTE240,050-0170
20076394,,TUBEASSY,钢管总成,,,,NTE240,050-0090
20076395,,TUBEASSY,钢管总成,,,,NTE240,050-0090
20076408,,CALORIFIER,加热器,,,,NTE240,210-0413
20076409,,ADAPTER,变径接头,,,,NTE240,040-0020 210-0413
20076503,Фара,LED LED LIGHT,灯,1114.29,Электрооборудование,,NTE240,030-0060
20076515,,TEE,专用三通,,,,NTE240,100-0100
20076516,,JOINT,接头,,,,NTE240,100-0100
20076634,Светодиодный дисплей,LED DISPLAY,称重LED 屏,26605.41,Электрооборудование,,NTE240,100-0120
20076635,,BRACKET,称重LED 显示器支架1,,,,NTE240,100-0120
20076636,,BRACKET,称重LED 显示器支架2,,,,NTE240,100-0120
20076657,,ELBOW,排气弯头,,,,NTE240,040-0070
20076658,,BACKING STRAP,衬垫,,,,NTE240,040-0070
20076659,,FLEXIBLE TUBE,柔性管,,,,NTE240,040-0070
20076660,,FLEXIBLE TUBE,柔性管,,,,NTE240,040-0070
20076661,,EXHAUST PIPE,排气管,,,,NTE240,040-0070
20076662,,SEALING CLIP,密封卡子,,,,NTE240,040-0070
20076663,,CLAP,卡子,,,,NTE240,040-0070
20076664,,PIPE SUPPORT,管子支架,,,,NTE240,040-0070
20076665,,SLING,吊带,,,,NTE240,040-0070
20076666,Thermal insulation sleeve,THERMAL SLEEVE,隔热套,8190.0,,,NTE240,040-0070
20076667,Thermal insulation sleeve,THERMAL SLEEVE,隔热套,2636.56,,,NTE240,040-0070
20076668,Thermal insulation sleeve,THERMAL SLEEVE,隔热套,4353.82,,,NTE240,040-0070
20076669,Thermal insulation sleeve,THERMAL SLEEVE,隔热套,3829.39,,,NTE240,040-0070
20076670,Thermal insulation sleeve,THERMAL SLEEVE,隔热套,2926.54,,,NTE240,040-0070
20076685,,HARNESS WATER,燃油含水线束,,,,NTE240,030-0020
20076712,,,,,,,NTE240,050-0170
20076718,,PARTITION,隔板,,,,NTE240,040-0020
20076921,Шланг,HOSE,软管,87.47,,,NTE240,040-0020
20077286,,CONNECTOR,接头,,,,NTE240,100-0000
20077323,Rear axle box,,桥箱,1617155.54,,,NTE240,070-0040
20078198,,BRACKET,支架,,,,NTE240,050-0170
20079356,Фара ближнего света,DIPPED HEADLIGHT,近光灯,5514.29,Электрооборудование,,NTE240,030-0060
20079357,Фара дальнего света,HIGH BEAM,远光灯,5514.29,Электрооборудование,,NTE240,030-0060
20079820,,BRACK VALUE,制动阀块,,,,NTE240,050-0210 050-0250
20080072,Противотуманный фонарь,FOG LAMP,雾灯,6619.41,Электрооборудование,,NTE240,030-0060
20080260,,WIPER KIT,雨刷器组件,,,,NTE240,090-0010
20080264,,WIPER BLADE,雨刷片,,,,NTE240,090-0010
20080265,,WIPER ARM,雨刷臂,,,,NTE240,090-0010
20080266,Мотор стеклоочистителя NTE200/240,WIPER MOTOR,雨刷电机,2238.22,,,NTE240,090-0010
20080267,ROD ASSY,ROD ASSY,连杆总成,,,,NTE240,090-0010
20080457,Уплотнение,SEAL-KIT DUMP CONTROL VALVE,密封包 举升控制阀,2547.11,Гидравлическая система,,NTE240,050-0050
20080579,Nose cone bearing,,鼻锥轴承,94081.22,,,NTE240,070-0040
20080580,,,止动键,,,,NTE240,070-0040
20080605,Retaining Ring,,挡圈,448.59,,,NTE240,070-0040
20082356,,PLATE ASSY,板总成,,,,NTE240,020-0030
20082464,,AIR COND. ASSY,空调总成,,,,NTE240,090-0140
20082466,Корпус воздушного фильтра,CAB AIR PRESSURIZER,驾驶室增压器,27784.46,,,NTE240,210-0920
20082467,,RUBBER ELBOW,橡胶弯头,,,,NTE240,210-0920
20083082,,BRACKET,支架,,,,NTE240,030-0060
20083092,Подушка радиатора,SHOCK PAD,减震垫,255.13,,,NTE240,040-0060
20083119,,VALUE BODY,阀体,,,,NTE240,050-0210
20083120,,RE SING VALVE,换向阀,,,,NTE240,050-0210
20083121,Клапан,SOLENOID VALVE,电磁阀,2862.71,,,NTE240,050-0210
20083122,,SHUTTLE VALVE,梭阀,,,,NTE240,050-0210
20083123,Клапан,SOLENOID VALVE,电磁换向阀,3031.4,Тормозная система,,NTE240,050-0210
20083124,Обратный клапан,CHECK VALWE,单向阀,1222.75,Тормозная система,,NTE240,050-0210
20083127,,COIL,线圈,,,,NTE240,050-0210
20083128,,COIL,线圈,,,,NTE240,050-0210
20083129,,SEALING ELEMENT,密封包,,,,NTE240,050-0210
20083750,,FRAME ASSY SUPERSTRUCTURE AND CAB MOUNTING,车架总成 平台及驾驶室安装,,,,NTE240,020-0000
20084115,Отопитель,HEATER,加热器,32126.6,,,NTE240,040-0020
20084121,,HEATER BOX,加热器箱,,,,NTE240,040-0020
20084168,,BRACKET,支架,,,,NTE240,030-0060
20084169,,BRACKET,支架,,,,NTE240,030-0060
20084170,,BRACKET,支架,,,,NTE240,030-0060
20084289,,CAB HARNESS,配电线束,,,,NTE240,030-0025
20084290,,CAB HARNESS,驾驶室线束,,,,NTE240,030-0025
20084291,,HARNESS-WATER VALVE,水泵与水阀线束,,,,NTE240,030-0025
20084323,Hose assembly,HOSE ASSY,软管总成,468.9,,,NTE240,080-0000
20084324,Hose assembly,HOSE ASSY,软管总成,304.38,,,NTE240,080-0000
20084327,,LABEL WARNING,警告标志,,,,NTE240,100-0180
20084328,,LABEL WARNING,警告标志,,,,NTE240,100-0180
20084329,,LABEL WARNING,警告标志,,,,NTE240,100-0180
20084330,,LABEL CAUTION,注意标志,,,,NTE240,100-0180
20084332,Brake disc,"DISC,BRAKE",制动盘,13369.96,,,NTE240,080-0000
20084333,РВД,COOLANT FILLING PIPE,冷却液充注管,360.76,,,NTE240,100-0030
20084334,Coolant filling pipe,COOLANT CONNECTING PIPE,冷却液连通管,1144.0,,,NTE240,100-0030
20084335,,HYDRAULIC OIL FILLING PIPE,液压油充注管,,,,NTE240,100-0030
20084336,Thermal insulation sleeve,THERMAL SLEEVE,隔热套,3716.28,,,NTE240,040-0070
20084337,Thermal insulation sleeve,THERMAL SLEEVE,隔热套,2586.04,,,NTE240,040-0070
20084343,High pressure fuel supply pipe,HOSE,主油管,1063.26,,,NTE240,100-0000
20084344,Main grease pipe,HOSE,主油管,1063.26,,,NTE240,100-0000
20084345,Rear axle grease pipe,HOSE,后桥主油管,3002.64,,,NTE240,100-0000
20084346,Front axle grease pipe,HOSE,前桥主油管 前桥右分配器主油,1472.53,,,NTE240,100-0000
20084347,Right front axle secondary grease pipe,HOSE,管,420.15,,,NTE240,100-0000
20084348,Left front axle secondary grease pipe,HOSE,管,741.9,,,NTE240,100-0000
20084349,Remote oil replenishment pipe 1,SUPPLY HOSE,远程补脂管,1147.36,,,NTE240,100-0000
20084350,,SUPPLY HOSE,远程补脂管,,,,NTE240,100-0000
20084355,,HARNESS FRAME,车架线束,,,,NTE240,030-0020
20084356,,HARNESS PFM,平台线束,,,,NTE240,030-0020
20084357,,HARNESS ENGINE,发动机线束,,,,NTE240,030-0020
20084358,,HARNESS LIGHTS,前大灯线束,,,,NTE240,030-0020
20084359,,HARNESS REAL,尾灯线束,,,,NTE240,030-0020
20084360,,HARNESS LUBR,集中润滑线束,,,,NTE240,030-0020
20084361,Подогреватель АКБ,HEATER AVM ASSEMBLY,蓄电池加热器 环场影像,7234.49,Электрооборудование,,NTE240,080-0210
20084362,,HARNESS SIDE LT,示宽灯线束,,,,NTE240,030-0020
20084377,Hose assembly,FUEL PIPE,软管总成,1747.96,,,NTE240,040-0010
20084378,Hose assembly,FUEL PIPE,软管总成,2619.18,,,NTE240,040-0010
20084379,,HOSE ASSY,软管总成,,,,NTE240,040-0010
20084380,,HOSE ASSY,软管总成,,,,NTE240,040-0010
20084382,,SHADES,百叶窗,,,,NTE240,100-0260
20084383,,HOSE ASSY,软管总成,,,,NTE240,040-0010
20084384,,FUEL PIPE,软管总成,,,,NTE240,040-0010
20084385,Теплообменник топлива,FUEI HEATER,燃油加热器,25810.5,,,NTE240,040-0010
20084386,Hose assembly,HOSEASSY,软管总成,119.9,Гидравлическая система,,NTE240,050-0090
20084387,Hose assembly,HOSEASSY,软管总成,2062.77,Гидравлическая система,,NTE240,050-0090
20084388,Hose assembly,HOSEASSY,软管总成,730.09,Гидравлическая система,,NTE240,050-0090
20084389,Hose assembly,HOSEASSY,软管总成,1211.34,Гидравлическая система,,NTE240,050-0090
20084390,Hose assembly,HOSEASSY,软管总成,1429.34,Гидравлическая система,,NTE240,050-0090
20084391,Hose assembly,HOSEASSY,软管总成,1509.54,Гидравлическая система,,NTE240,050-0090
20084392,Hose assembly,HOSEASSY,软管总成,2149.15,Гидравлическая система,,NTE240,050-0090
20084393,Hose assembly,HOSE,软管总成,2661.24,Гидравлическая система,,NTE240,050-0240
20084394,Hose assembly,HOSE,软管总成,2352.75,Гидравлическая система,,NTE240,050-0240
20084395,,TUBEASSY,钢管总成,,,,NTE240,050-0090
20084396,,TUBEASSY,钢管总成,,,,NTE240,050-0090
20084397,,TUBEASSY,钢管总成,,,,NTE240,050-0090
20084398,Hose assembly,HOSEASSY,软管总成,2237.58,Гидравлическая система,,NTE240,050-0090
20084399,Hose assembly,HOSEASSY,软管总成,2527.56,Гидравлическая система,,NTE240,050-0090
20084400,Hose assembly,HOSEASSY,软管总成,3113.69,Гидравлическая система,,NTE240,050-0090
20084401,Hose assembly,HOSEASSY,软管总成,1258.64,Гидравлическая система,,NTE240,050-0090
20084402,Hose assembly,HOSEASSY,软管总成,1219.56,Гидравлическая система,,NTE240,050-0090
20084403,Hose assembly,HOSEASSY,软管总成,551.17,Гидравлическая система,,NTE240,050-0090
20084404,Hose assembly,HOSEASSY,软管总成,1305.94,Гидравлическая система,,NTE240,050-0090
20084405,Hose assembly,HOSEASSY,软管总成,1377.92,Гидравлическая система,,NTE240,050-0090
20084406,Hose assembly,HOSEASSY,软管总成,1974.34,Гидравлическая система,,NTE240,050-0090
20084408,Hose assembly,HOSE ASSY,软管总成,820.58,Гидравлическая система,,NTE240,050-0170
20084409,Hose assembly,HOSE ASSY,软管总成,837.04,Гидравлическая система,,NTE240,050-0170
20084410,Hose assembly,HOSE ASSY,软管总成,647.83,Гидравлическая система,,NTE240,050-0170
20084411,Hose assembly,HOSE ASSY,软管总成,647.83,Гидравлическая система,,NTE240,050-0170
20084412,Hose assembly,HOSE ASSY,软管总成,2348.64,Гидравлическая система,,NTE240,050-0170
20084413,Hose assembly,HOSE ASSY,软管总成,1992.85,Гидравлическая система,,NTE240,050-0170
20084414,Hose assembly,HOSE ASSY,软管总成,1063.26,Гидравлическая система,,NTE240,050-0170
20084415,Hose assembly,HOSE ASSY,软管总成,1875.62,Гидравлическая система,,NTE240,050-0170
20084416,Hose assembly,HOSE ASSY,软管总成,1052.98,Гидравлическая система,,NTE240,050-0170
20084417,Hose assembly,HOSE ASSY,软管总成,976.89,Гидравлическая система,,NTE240,050-0170
20084418,Hose assembly,HOSE ASSY,软管总成,1038.58,Гидравлическая система,,NTE240,050-0170
20084419,Hose assembly,HOSE ASSY,软管总成,1069.43,Гидравлическая система,,NTE240,050-0170
20084420,Hose assembly,HOSE ASSY,软管总成,1820.09,Гидравлическая система,,NTE240,050-0170
20084421,Hose assembly,HOSE ASSY,软管总成,273.53,Гидравлическая система,,NTE240,050-0170
20084422,Hose assembly,HOSE ASSY,软管总成,267.36,Гидравлическая система,,NTE240,050-0170
20084423,Hose assembly,HOSE ASSY,软管总成,579.96,Гидравлическая система,,NTE240,050-0170
20084424,Hose assembly,HOSE ASSY,软管总成,579.96,Гидравлическая система,,NTE240,050-0170
20084425,Hose assembly,HOSE ASSY,软管总成,664.28,Гидравлическая система,,NTE240,050-0170
20084426,,HOSE ASSY,软管总成,,,,NTE240,050-0170
20084427,,HOSE ASSY,软管总成,,,,NTE240,050-0170
20084428,,HOSE ASSY,软管总成,,,,NTE240,050-0170
20084429,,HOSE ASSY,软管总成,,,,NTE240,050-0170
20084430,,HOSE ASSY HYDRAULIC BRAKE LINES MOUNTING,软管总成 液压制动管路安装,,,,NTE240,050-0170
20084431,Hose assembly,HOSE ASSY,软管总成,1355.3,Гидравлическая система,,NTE240,050-0170
20084437,,ACCA BRACKET,显示器支架总成,,,,NTE240,100-0120
20084443,fuel tank,TANK ASSY,燃油箱总成,70388.5,,,NTE240,020-0040
20084444,,TANK BRACKET,燃油箱支架,,,,NTE240,020-0040
20084449,,CONE,锥管,,,,NTE240,020-0040
20084451,,PIPE BODY MOUNTING ASSEMBLY,软管总成 车厢及安装,,,,NTE240,020-0040
20084452,,LABEL CAUTION,注意标志,,,,NTE240,100-0180
20084453,,LABEL CAUTION,注意标志,,,,NTE240,100-0180
20084454,,LABEL CAUTION,注意标志,,,,NTE240,100-0180
20084455,,LABEL CAUTION,注意标志,,,,NTE240,100-0180
20084456,,LABEL CAUTION,注意标志,,,,NTE240,100-0180
20084457,,LABEL CAUTION,注意标志,,,,NTE240,100-0180
20084458,,LABEL CAUTION,注意标志,,,,NTE240,100-0180
20084459,,LABEL DANGER,危险标志,,,,NTE240,100-0180
20084460,,LABEL DANGER,危险标志,,,,NTE240,100-0180
20084461,,LABEL DANGER,危险标志,,,,NTE240,100-0180
20084462,,LABEL DANGER,危险标志,,,,NTE240,100-0180
20084463,,LABEL DANGER,危险标志,,,,NTE240,100-0180
20084464,,LABEL DANGER,危险标志,,,,NTE240,100-0180
20084465,,LABEL HYDRAULIC PRESSURE GAUGE,液压表标志,,,,NTE240,100-0180
20084466,,HOSE ASSY,软管总成,,,,NTE240,040-0020
20084467,,HOSE ASSY,软管总成,,,,NTE240,040-0020
20084468,,HOSE ASSY,软管总成,,,,NTE240,040-0020
20084469,,HOSE ASSY,软管总成,,,,NTE240,040-0020
20084470,,HOSE ASSY,软管总成,,,,NTE240,040-0020
20084471,,HOSE ASSY,软管总成,,,,NTE240,040-0020
20084472,,CONTROLLER WIRE PUMP STATION,控制器线束 泵站总成,,,,NTE240,100-0000
20084473,,BUMP SENSOR WIRE,泵端线束,,,,NTE240,100-0000
20084474,Манометр,PRESSURE GAGE,压力表,1184.32,,,NTE240,100-0000
20084493,,PCABLE TA101,轮马达动力电缆TA101,,,,NTE240,030-0150
20084494,,PCABLE TA102,轮马达动力电缆TA102,,,,NTE240,030-0150
20084495,,PCABLE TB101,轮马达动力电缆TB101,,,,NTE240,030-0150
20084496,,PCABLE TB102,轮马达动力电缆TB102,,,,NTE240,030-0150
20084497,,PCABLE TC101,轮马达动力电缆TC101,,,,NTE240,030-0150
20084498,,PCABLE TC102,轮马达动力电缆TC102,,,,NTE240,030-0150
20084499,,PCABLE TA201,轮马达动力电缆TA201,,,,NTE240,030-0150
20084500,,PCABLE TA202,轮马达动力电缆TA202,,,,NTE240,030-0150
20084501,,PCABLE TB201,轮马达动力电缆TB201,,,,NTE240,030-0150
20084512,,PCABLE TB202,轮马达动力电缆TB202,,,,NTE240,030-0150
20084513,,PCABLE TC201,轮马达动力电缆TC201,,,,NTE240,030-0150
20084514,,PCABLE TC202,轮马达动力电缆TC202,,,,NTE240,030-0150
20084525,,DUMP BODY ASSY,车厢总成,,,,NTE240,020-0050
20084533,,WEAR PLATE,耐磨板,,,,NTE240,100-0160
20084534,,WEAR PLATE,耐磨板,,,,NTE240,100-0160
20084538,,BEND PLATE ASSY,左前弯板总成,,,,NTE240,210-0230
20084542,,BEND PLATE ASSY,右前弯板总成,,,,NTE240,210-0230
20084543,,BEND PLATE ASSY,左弯板总成,,,,NTE240,210-0230
20084544,,BEND PLATE ASSY,右弯板总成,,,,NTE240,210-0230
20084546,,WASHER BOTTLE,风挡洗涤器,,,,NTE240,090-0010
20084547,,CO PLATE,右避让盒盖板,,,,NTE240,090-0010
20084563,,PRESSURE SWITCH WIRE,压力开关线束,,,,NTE240,100-0000
20084595,,WEAR PLATE,耐磨板,,,,NTE240,100-0160
20084596,,WEAR PLATE,耐磨板,,,,NTE240,100-0160
20084597,,WEAR PLATE,耐磨板,,,,NTE240,100-0160
20084598,,WEAR PLATE,耐磨板,,,,NTE240,100-0160
20084599,,WEAR PLATE,耐磨板,,,,NTE240,100-0160
20084601,,WEAR PLATE,耐磨板,,,,NTE240,100-0160
20084602,,WEAR PLATE,耐磨板,,,,NTE240,100-0160
20084624,РВД,CONNECTOR,隔板接头,269.18,,,NTE240,100-0000
20084625,РВД,,,271.58,,,NTE240,050-0170
20084652,,WEAR PLATE MARK ASSY,耐磨板 标识总成,,,,NTE240,100-0160
20084667,Hose assembly,HOSE ASSY,软管总成,559.4,Гидравлическая система,,NTE240,050-0020
20084668,Hose assembly,HOSE ASSY,软管总成,563.51,Гидравлическая система,,NTE240,050-0020
20084669,Hose assembly,HOSE ASSY,软管总成,2299.28,Гидравлическая система,,NTE240,050-0040
20084670,Hose assembly,HOSE ASSY,软管总成,2299.28,Гидравлическая система,,NTE240,050-0040
20084671,Hose assembly,HOSE ASSY,软管总成,3064.33,Гидравлическая система,,NTE240,050-0040
20084672,Hose assembly,HOSE ASSY,软管总成,3434.52,Гидравлическая система,,NTE240,050-0040
20084673,Hose assembly,HOSE ASSY,软管总成,2632.45,Гидравлическая система,,NTE240,050-0040
20084674,Hose assembly,HOSE ASSY,软管总成,2971.79,Гидравлическая система,,NTE240,050-0040
20084676,Hose assembly,HOSE ASSY,软管总成,7730.76,Гидравлическая система,,NTE240,050-0040
20084677,,TUBEASSY,钢管总成,,,,NTE240,050-0090
20084678,,TUBEASSY,钢管总成,,,,NTE240,050-0090
20084679,Hose assembly,HOSEASSY,软管总成,520.32,Гидравлическая система,,NTE240,050-0090
20084680,Hose assembly,HOSEASSY,软管总成,614.92,Гидравлическая система,,NTE240,050-0090
20084681,Hose assembly,HOSEASSY,软管总成,604.64,Гидравлическая система,,NTE240,050-0090
20084682,Hose assembly,HOSEASSY,软管总成,2694.15,Гидравлическая система,,NTE240,050-0090
20084683,Hose assembly,HOSEASSY,软管总成,1133.19,Гидравлическая система,,NTE240,050-0090
20084694,,RECEI (LUBR.),快速接头(润滑脂),,,,NTE240,100-0035
20084695,,RECEI (HYD.),快速接头(液压油),,,,NTE240,100-0035
20084696,,RECEI (COOLANT),快速接头(冷却液),,,,NTE240,100-0035
20084707,,DIMENSION DECALS ENTIRE TRUCK,整车尺寸贴片,,,,NTE240,100-0180
20084723,,DOOR ASSY LHS,左门总成,,,,NTE240,210-0230
20084724,,DOOR ASSY RHT,右门总成,,,,NTE240,210-0230
20084725,,BEND PLATE ASSY,左下弯板,,,,NTE240,210-0230
20084726,,BEND PLATE ASSY,右下弯板,,,,NTE240,210-0230
20084727,,BEND PLATE ASSY,左上弯板,,,,NTE240,210-0230
20084728,,BEND PLATE ASSY,右上弯板,,,,NTE240,210-0230
20084735,Hose assembly,HOSE PIPE,软管总成,880.37,,,NTE240,040-0010
20084736,Hose assembly,HOSE PIPE,软管总成,880.37,,,NTE240,040-0010
20084767,Жгут проводов,ACCA CABLE,称重驾驶室线束1,1373.18,,,NTE240,100-0120
20084768,,ACCA CABLE,称重配电柜线束,,,,NTE240,100-0120
20084769,,ACCA FRAME HARNESS,称重车架线束,,,,NTE240,100-0120
20084770,Жгут проводов,ACCA CABLE,称重驾驶室线束2,5620.93,,,NTE240,100-0120
20084771,Жгут проводов,ACCA CABLE,称重驾驶室线束3,1113.71,,,NTE240,100-0120
20084772,,PLATE,夹板,,,,NTE240,100-0120
20084773,,PLATE,夹板,,,,NTE240,100-0120
20084808,,BEND PLATE ASSY,左顶弯板总成,,,,NTE240,210-0230
20084809,,BEND PLATE ASSY BODY DOWN INDICATOR-INSTALLSTION C,右顶弯板总成 车厢下降指示器,,,,NTE240,210-0230
20084820,,CNX1 HARNESS CNX1,控制线束,,,,NTE240,030-0030
20084821,,CNX2-5 HARNESS CNX2-5,控制线束,,,,NTE240,030-0030
20085195,Электродвигатель,ELECTRIC MOTOR,电机,25151.26,,,NTE240,100-0260
20087642,,TRIM-B PILLAR-LL,左B 柱下护板皮革,,,,NTE240,090-0010
20087643,,TRIM-B PILLAR-LU,左B 柱上护板皮革,,,,NTE240,090-0010
20087644,,TRIM-B PILLAR-RL,右B 柱下护板皮革,,,,NTE240,090-0010
20087645,,TRIM-B PILLAR-RU,右B 柱上护板皮革,,,,NTE240,090-0010
20087646,,TRIM-C PILLAR-L,左C 柱护板皮革,,,,NTE240,090-0010
20087647,,TRIM-C PILLAR-R CONTROL TOWER ASSEMBLY,右C 柱护板皮革 操纵塔总成,,,,NTE240,090-0010
20087648,,TRIM-RU,后围上护板皮革,,,,NTE240,090-0010
20087649,,TRIM-RM,后围中护板皮革,,,,NTE240,090-0010
20087650,,TRIM-RL,后围下护板皮革,,,,NTE240,090-0010
20088042,,CO,玻璃压条,,,,NTE240,090-0010
20088530,,DST CO DST,盖板,,,,NTE240,090-0050
20088531,,CO RS,盖板,,,,NTE240,090-0050
20120709,,,,,,,NTE240,100-0035
2016146,,CAP,保护帽,,,,NTE240,100-0020
20161460,,DISPLACEMENT PISTON,位移活塞,,,,NTE240,100-0020
20161461,,COMPRESSION SPRING,压缩弹簧,,,,NTE240,100-0020
20161462,,PLUNGER,活塞,,,,NTE240,100-0020
20161463,,FLUOROELASTOMER PACKING,装配橡胶,,,,NTE240,100-0020
20161464,,INLET VALVE,入口阀,,,,NTE240,100-0020
20161467,,O O–RING D． E． F． NOTE:,形圈 注 以上零件仅包含在注油器维修包 中 以上零件包含在调节螺钉包 中 以上零件包含在注油器保护帽包 中,,,,NTE240,100-0020
20180716,,,,,,,NTE240,090-0140
20200325,,,,,,,NTE240,100-0100
20221215,,,,,,,NTE240,150-0010
2881458,FUEL FILTER,FUEL FILTER,燃油滤芯,1711.91,Фильтр,FF5782NN,NTE240,040-0000
30000023,CONNECTOR---,JOINTS,接头,140.0,Гидравлическая система,,NTE240,050-0240
3100308,Фильтр антифриза,WATER FILTER,水滤芯,133.17,Фильтр,WF2075,NTE240,040-0000
3636819,·STARTING-MOTOR---,STARTING MOTOR,启动马达,53466.27,Cummins,,NTE240,040-0000
3637969,"PRIMER,ENGINE LUBRICATING",PRELUB MOTOR,预润滑马达,47961.74,Cummins,,NTE240,040-0000
3643862,ALTERNATOR,GENERATOR,发电机,149582.12,Cummins,,NTE240,040-0000
4001037,,FAN BLOCK,风扇垫块,,,,NTE240,040-0000
4015784,BELT,FAN BELT,风扇皮带,5741.21,Cummins,,NTE240,040-0000
4066750,BELT,GENERATOR BELT,发电机皮带,725.88,Cummins,,NTE240,040-0000
4323856,FILTER,OIL FILTER,机油滤芯,446.41,Фильтр,LF17560,NTE240,040-0000
4920071,FILTER,OIL FILTER,机油滤芯,904.86,Фильтр,LF9050,NTE240,040-0000
9152950,,P CLAP,夹子,,,,NTE240,030-0030
915850,,NOTES：,密封组件,,,,NTE240,050-0130
915851,,VALVE CHECK,单向阀,,,,NTE240,050-0130
915852,,END CAP,端盖,,,,NTE240,050-0130
915853,,END CAP,端盖,,,,NTE240,050-0130
915854,,PLATE,板,,,,NTE240,050-0130
915855,,PLATE,板,,,,NTE240,050-0130
915856,,VALVE RELIEF PRESSURE,减压阀,,,,NTE240,050-0130
915857,,PLUG,螺堵,,,,NTE240,050-0130
915860,,VALVE- THROTTLE,节流阀,,,,NTE240,050-0130
915861,,VALVE THROTTLE,节流阀,,,,NTE240,050-0130
915862,,PLUG,螺堵,,,,NTE240,050-0130
915863,,SPOOL ASSY,阀芯总成,,,,NTE240,050-0130
915864,,SPRING,弹簧,,,,NTE240,050-0130
915865,,SPRING,弹簧,,,,NTE240,050-0130
915866,,SPRING,弹簧,,,,NTE240,050-0130
915867,,SPRING,弹簧,,,,NTE240,050-0130
915868,,SPRING,弹簧,,,,NTE240,050-0130
UR10014,HEXAGON BOLT,HEXAGON BOLT,六角头螺栓,9.54,,,NTE240,020-0110 100-0060
UR10029,HEXAGON BOLT,BOLT,螺栓,9.54,,,NTE240,070-0030
UR10043,BOLT---,BOLT,螺栓,13.86,,,NTE240,070-0030
UR10100,BOLT---,BOLT,螺栓,55.38,,,NTE240,070-0030
UR10164,FLAT WAHSER,WASHER,平垫圈,9.54,Электрооборудование,,NTE240,020-0110
UR10180,WASHER,LOCK WASHER,弹簧垫圈,5.73,,,NTE240,100-0060
UR10183,LOCK-WASHER--,LOCK WASHER,弹簧垫圈,3.47,,,NTE240,020-0125
UR1023240,PIN,PIN,轴销,63.29,,,NTE240,100-0050
UR1032030,FIXATION CLAMP,FIXATION CLAMP,固定夹,64.4,,,NTE240,090-0150
UR1032488,NUT,NUT,螺母,11.44,,,NTE240,020-0010
UR10453,·FASTENING-SCREW--,FASTENING SCREW,顶丝,16.9,,,NTE240,050-0140
UR10584,HEXAGON-BOLT--,HEXAGON BOLT,六角头螺栓,25.97,,,NTE240,020-0120
UR12185,NUT,NUT,螺母,24.67,,,NTE240,020-0010
UR12333,NUT,NUT,螺母,105.22,метизы,,NTE240,070-0030
UR16780,CLAMP-ROUND NOSE,RIM CLIP,轮辋夹子,145.82,,,NTE240,070-0010
UR16927,BUSHING-SELFALIGN---,BUSHING-SELFALIGN,关节轴承GEZ`76ES,494.96,рулевое управление,,NTE240,070-0030
UR16965,BEARING,BUSHING SELALIGN,关节轴承,1286.98,Передняя ось,,NTE240,070-0000
UR17413,LOCK NUT,LOCK NUT,锁紧螺母,9.54,Электрооборудование,,NTE240,020-0020 020-0110 020-0120
UR19614,GEZ63ES BUSHING-SELF ALIGN,BUSHING-SELFALIGN A,关节轴承GEZ63ES,1337.73,Передняя ось,,NTE240,070-0030
UR20065,BOLT,BOLT,螺栓,106.01,Передняя ось,,NTE240,070-0010
UR23181,BOLT,BOLT,螺栓,230.98,,,NTE240,080-0020
UR23810,·CONNECTOR,CONNECTOR,接头,363.45,,,NTE240,080-0010
UR24465,FILTER,BREATHER,呼吸器,810.0,Фильтр,HF6710,NTE240,070-0050
UR24565,NUT,NUT FRONT RIDE CYLINDER ASSY,螺母 前悬缸总成,53.07,Передняя ось,,NTE240,070-0010 070-0050 150-0010
UR24681,FIRE EXTINGUISHER,FIRE EXTINGUISHER,灭火器,343.26,,,NTE240,100-0090
UR24726,··PLUG,PLUG ··HOUSING,堵塞,177.91,,,NTE240,080-0010
UR25113,BOLT,BOLT,螺栓,22.78,,,NTE240,020-0010
UR25187,ELBOW,CONNECTOR,弯头,123.07,,,NTE240,150-0010
UR25270,HEXAGON-BOLT--,HEXAGON BOLT,六角头螺栓,47.95,,,NTE240,020-0120
UR25557,,BOLT-12 POINT,十二角螺栓,,,,NTE240,080-0010
UR25558,BOLT,BOLT-12 POINT,十二角螺栓,86.85,,,NTE240,080-0010
UR25912,WASHER,WASHER,平垫圈,17.64,,,NTE240,020-0125
UR26205,WASHER---,WASHER,垫片,8.67,,,NTE240,070-0030
UR26209,BOLT,BOLT,螺栓,92.78,,,NTE240,080-0010
UR26355,BOLT,BOLT,螺栓,79.54,,,NTE240,080-0010
UR26824,,BOLT,螺栓,,,,NTE240,080-0010
UR27822,MOUNT RUBBER,MOUNT RUBBER,橡胶缓冲垫,219.64,Кузов,,NTE240,020-0030
UR28022,BOLT,BOLT,螺栓,170.41,,,NTE240,020-0010
UR28299,BOLT,BOLT,螺栓,68.2,,,NTE240,020-0010
UR28501,HOSE-CLAMP--,HOSE CLAMP,夹子,20.78,,,NTE240,070-0030
UR29151,BOLT,BOLT,螺栓,116.82,метизы,,NTE240,070-0050
UR29379,SHACKLE,SHACKLE,卸扣,85.24,,,NTE240,020-0020
UR52096,BOLT,BOLT,螺栓,70.11,,,NTE240,020-0010
UR52644,CLAMP-HOSE,CLAMP,夹子,24.67,,,NTE240,070-0030
UR52924,BEARING---,BEARING,轴承,61332.52,,,NTE240,070-0010
UR52946,HOSE,HOSE,软管,2057.17,,,NTE240,070-0050
UR52951,SEAL-RING--,SEAL RING,防尘圈,10586.15,,,NTE240,070-0010
UR52956,BEARING---,BEARING,轴承,22116.72,,,NTE240,070-0010
UR52970,ROD-VALVE---,ROD-VALVE,气门杆总成,230.18,КГШ,,NTE240,150-0010
UR53140,COMPONENTS,COMPONENTS,零件维修包,715.44,Тормозная система,,NTE240,080-0010
UR53455,PARKING BRAKES,PARKING BRAKES,驻车制动器,24632.7,,,NTE240,080-0010
UR53899,BEARING---,BEARING,轴承,420.18,,,NTE240,070-0000
UR53900,BEARING---,BEARING,轴承,341.72,,,NTE240,070-0000
UR55088,BODY LOCKUP,CABLE,安全索,15274.33,,,NTE240,020-0070
UR55093,·BEAD-SEAT-BAND-,BEAD-SEAT BAND,座圈,15733.6,,,NTE240,150-0010
UR55094,·LOCK-RING-,LOCK RING,锁圈,4727.31,,,NTE240,150-0010
UR55095,·RING-FLANGE-,RING FLANGE,挡圈,7916.57,,,NTE240,150-0010
UR55101,BOLT,BOLT,螺栓,142.01,,,NTE240,080-0010
UR55283,SEAL RING,RING-DIRT,防尘环,367.16,Передняя ось,,NTE240,070-0000 070-0020
UR55392,ADAPTER,REDUCER UNION,变径接头,106.01,,,NTE240,070-0050
UR55450,STEERING FLOW AMPLIFIER VALVE,STEERING FLOW AMPLIFIER VALVE,转向流量放大器,34112.19,,,NTE240,050-0130
UR55482,SHOCK PAD,SHOCK PAD,减震垫,87.16,Кузов,,NTE240,020-0010
UR55499,"BEARING,SPHERICAL 6""",BEARING CIRCLIP,轴承,3652.01,Подвеска,,NTE240,070-0070
UR55942,EXPANSION-PIN--,EXPANSION PIN,膨胀销,130.41,,,NTE240,070-0010
UR55994,PIN,PIN,销,109.41,,,NTE240,070-0000
UR56086-700,CIRCLIP,RING,弹性挡圈,261.35,,,NTE240,070-0000
UR56086-850,CIRCLIP,RING,弹性挡圈,331.26,,,NTE240,070-0000 070-0020
UR56087-625,CIRCLIP,RING FRONT WHEEL ASSY,弹簧挡圈 前轮总成,248.02,,,NTE240,070-0000
UR56087-775,CIRCLIP,RING,弹性挡圈,295.25,,,NTE240,070-0000 070-0020
UR56161,MUD-GUARD--,MUD GUARD,挡泥板,5291.15,,,NTE240,020-0110
UR56165,MUD-GUARD--,MUD GUARD,挡泥板,6777.42,,,NTE240,020-0110
UR56305,BALL VALVE,VALVE BALL,球阀,397.45,,,NTE240,070-0050
UR56412,BRAKES - RUNNING,SERVICE BRAKES REAR BRAKE MTG,行车制动器 后制动安装,25181.56,,,NTE240,080-0010
UR56620,BOLT-ANCHOR--,BOLT ANCHOR,卸扣,1185.19,,,NTE240,020-0010
UR56697-110,CHAIN---,CHAIN,排石链,2533.37,,,NTE240,020-0010
UR56778,ROD - VALVE,ROD-VALVE,气门杆总成,185.54,КГШ,,NTE240,150-0010
UR56779,ROD---VALVE-,ROD VALVE,气门杆总成,306.33,КГШ,,NTE240,150-0010
UR56884,·BEAD-SEAT-,BEAD SEAT,轮辋体,63267.48,,,NTE240,150-0010
UR56986,BOLT--,BOLT A,螺栓,92.05,,,NTE240,070-0030
UR56987,SLEEVE--,SLEEVE A,套筒,112.75,рулевое управление,,NTE240,070-0030
UR56988,WASHER--,WASHER A,垫圈,164.93,,,NTE240,070-0030
UR56995,PIN--,PIN,销轴,2826.8,рулевое управление,,NTE240,070-0030
UR56998,"PIN ASSY,2-1/2 STRAIGHT,EXPNDR",PIN ASSY,销总成,886.53,,,NTE240,070-0030
UR57028,"SCREW,SET---","SCREW,SET",螺塞,144.71,,,NTE240,070-0000
UR57052,SEAL RING,CASE-DIRT,防尘套,836.86,Тормозная система,,NTE240,070-0030
UR61372G,SPACE-RIM---,RIM SPACER,轮辋隔圈,6399.01,,,NTE240,070-0050 150-0010
UR61796K,END-COVER--,END CO,端盖,2384.85,,,NTE240,070-0010
UR61947K,"SPACER,BEARING---","SPACER,BEARING",衬套,131.53,,,NTE240,070-0030
UR62770A,WASHER,WASHER,垫圈,17.06,,,NTE240,080-0010
UR65057C,PROXIMITY SWITCH,PROXIMITY SWITCH,接近开关,5805.37,,,NTE240,030-0190
UR65456A,WASHER,WASHER,平垫圈,22.78,,,NTE240,020-0030
UR68095A,PLATE,RETAINER MUD GUARD,压板,96.58,,,NTE240,020-0110
UR69209K,SPACER,SPACER,隔圈,4632.91,,,NTE240,080-0010
UR702682,FLANGE BOLT,FLANGE BOLT,十二角法兰螺栓,210.11,,,NTE240,080-0010
UR70331B,GREASE SEAL,GREASE SEAL,油封,297.71,Передняя ось,,NTE240,070-0030
UR74245T,BRACKET-ASSY--,BRACKET ASSY,左支架总成,1722.87,,,NTE240,020-0010
UR74245U,BRACKET-ASSY--,BRACKET ASSY,右支架总成,1722.87,,,NTE240,020-0010
UR79003C,LOCATING-BUSH--,LOCATING BUSH,隔圈,8824.45,,,NTE240,070-0010
UR79534B,SPACER - PARKING BRAKES,SPACER PARKING BRAKES,驻车制动器隔圈,1883.09,,,NTE240,080-0010
UR79536A,SHIM,SHIM,调隙片,24.67,,,NTE240,080-0010
UR79849C,PAD-DUMP-BODY--,PAD-DUMP BODY,缓冲垫,1169.85,,,NTE240,020-0050
UR79988A,SHIM,SHIM,调隙片,272.58,,,NTE240,080-0010
UR79988B,SHIM,SHIM,调隙片,225.24,,,NTE240,080-0010
UR79988C,SHIM,SHIM,调隙片,126.88,,,NTE240,080-0010
UR79988E,SHIM,SHIM,调隙片,92.78,,,NTE240,080-0010
UR80289C,PIN,PIN,销,8639.22,Передняя ось,,NTE240,070-0000
UR80289E,PIN，ECCENTRIC,PIN-ECCENTRIC,偏心销,8330.74,Передняя ось,,NTE240,070-0000
UR80289F,PIN---,PIN,销轴,5405.17,рулевое управление,,NTE240,070-0030
UR80289G,PIN,PIN,销,7816.08,Передняя ось,,NTE240,070-0000 070-0020
UR80309H,BUSHING-BODY---,BUSHING-BODY PIVIT,铰接衬套,6451.72,,,NTE240,020-0050
UR80571W,MUD-GUARD-BRACKET-,SILENCER BRACKET,消音器挡泥板支架,15027.05,,,NTE240,020-0020
UR80572E,RETAINER-MUD-GUARD-,RETAINER MUD GUARD,压板,747.64,,,NTE240,020-0110
UR80572T,RETAINER-MUD-GUARD-,RETAINER MUD GUARD ENGINE SERVICE LADDER MOUNTING,压板 发动机维修梯安装,812.45,,,NTE240,020-0110
UR80589A,STRAP-LADDER--,STRAP LADDER,梯子搭接带,257.87,,,NTE240,020-0120
UR80589H,STRAP-LADDER--,STRAP LADDER,梯子搭接带,186.92,,,NTE240,020-0120
UR80591A,STAIR-STEP-LADDER-,STAIR STEP LADDER,踏板总成,749.37,,,NTE240,020-0120
UR80593A,PLATE---,PLATE,板,192.11,,,NTE240,020-0120
UR80820W,SHIM-PAD---,SHIM-PAD,缓冲垫调隙片,514.01,,,NTE240,020-0050
UR80820X,SHIM-PAD---,SHIM-PAD,缓冲垫调隙片,244.03,,,NTE240,020-0050
UR80820Y,SHIM-PAD---,SHIM-PAD,缓冲垫调隙片,150.58,,,NTE240,020-0050
UR81281K,IN-PIVIOT---,IN-PIVIOT,铰接销,8139.54,,,NTE240,020-0050
UR82513G,SHIM---,SHIM,调隙垫,285.56,,,NTE240,070-0010
UR82513H,SHIM---,SHIM,调隙垫,133.28,,,NTE240,070-0010
UR82513J,SHIM---,SHIM,调隙垫,79.61,,,NTE240,070-0010
UR82513K,SHIM---,SHIM,调隙垫,133.28,,,NTE240,070-0010
UR82513M,SHIM---,SHIM,调隙垫,112.5,,,NTE240,070-0010
UR82666C,CAP-PIN-RETAINING--,CAP-PIN RETAINING,销轴挡板,387.68,,,NTE240,020-0050
UR82714A,RETAINER,RETAINER,挡板,230.98,,,NTE240,070-0000
UR82714B,RETAINER---,RETAINER,压板,211.15,,,NTE240,070-0030
UR82714C,STOPPER,RETAINER,挡板,249.82,,,NTE240,070-0000 070-0020
UR82834B,COVER-KINGPIN---,CO -KINGPIN,主销盖,941.47,,,NTE240,070-0000
UR82835B,KING-PIN--,KING PIN,主销,28477.17,,,NTE240,070-0000
UR82836H,HOUSING-BEARING--,HOUSING BEARING,轴承箱,3866.94,,,NTE240,070-0000
UR82837B,WAHSER-THRUST---,WAHSER-THRUST,止推垫,2337.95,,,NTE240,070-0000
UR82838B,"BUSHING, UPPER","BUSHING,UPPER",上衬套,2189.75,,,NTE240,070-0000
UR82839B,PARKING BRAKES,"BUSHING,LOWER",下衬套,1738.21,,,NTE240,070-0000
UR82846A,NUT-TAPER NOSE,NUT-TAPPER NOSE,锥形螺母,87.16,,,NTE240,070-0030
UR82847B,TIE-ROD--,TIE ROD,横拉杆,47048.98,,,NTE240,070-0030
UR82852A,BOLT,BOLT,螺栓,98.5,,,NTE240,070-0030
UR82993M,THRUST-RING--,THRUST RING,止推环,2838.3,,,NTE240,070-0000
UR83044M,BRACKET-CABLE,BRACKET,支架,1869.84,,,NTE240,020-0070
UR83052A,BRACKET-LADDER--,BRACKET LADDER,梯支架,373.82,,,NTE240,020-0120
UR83052B,BRACKET-LADDER--,BRACKET LADDER,梯支架,505.35,,,NTE240,020-0120
UR83052C,BRACKET---,BRACKET,支架,373.82,,,NTE240,020-0120
UR83052E,BRACKET---,BRACKET,支架,515.74,,,NTE240,020-0120
UR83053A,STRAP-LADDER-SUPPORT-,LADDER SUPPORT,梯支架固定板,50.4,,,NTE240,020-0120
UR83062F,BRACKET-HOOD-MTC-,BRACKET HOOD MTC,护罩支架,539.96,,,NTE240,020-0030
UR83065C,LINKAGE---,LINKAGE,连杆,16194.72,,,NTE240,020-0010
UR83066A,PIN,PIN,销,1782.79,,,NTE240,020-0010
UR83068A,PERSS PLATE,PERSS PLATE,压板,215.82,,,NTE240,020-0010
UR83070B,COVER,CO,盖,2255.95,,,NTE240,020-0010
UR83239A,HANDLE-LADDER--,HANDLE LADDER,把手,87.17,,,NTE240,020-0120
UR83352C,PARKING BRAKES,PARKING BRAKES,驻车制动器支架,8273.99,,,NTE240,080-0010
UR83353A,SHIM,SHIM,调隙片,405.06,,,NTE240,080-0010
UR83353B,SHIM,SHIM,调隙片,272.58,,,NTE240,080-0010
UR83353C,SHIM,SHIM,调隙片,174.21,,,NTE240,080-0010
UR83353E,SHIM,SHIM,调隙片,111.73,,,NTE240,080-0010
UR83368A,SPACER,SPACER,隔圈,94.67,,,NTE240,080-0010
UR83633A,"ROD,RADIUS,UPPER---","ROD,RADIUS,UPPER",上拉杆,21636.58,,,NTE240,070-0000
UR83634A,"ROD,RADIUS,LOWER---","ROD,RADIUS,LOWER",下拉杆,26487.47,,,NTE240,070-0000
UR83636A,YOKE(LH)---,YOKE(LH),叉头（左旋）,30899.15,,,NTE240,070-0030
UR83636B,YOKE(RH)---,YOKE(RH),叉头（右旋）,30899.15,,,NTE240,070-0030
UR83650A,FRONTAXLE---,FRONTAXLE,前桥,1062265.68,,,NTE240,070-0000
UR83681F,"KEEPER,PIN","KEEPER,PIN",销挡板,104.1,,,NTE240,020-0050
UR84037A,GUIDE--DUMP-BODY-,GUIDE- DUMP BODY,导向块,1332.76,,,NTE240,020-0050
UR84065C,,BRACKET,支架,,,,NTE240,020-0070
UR84068A,SHIM BLOCK,SHIM BLOCK,调隙块,369.05,,,NTE240,020-0050
UR84077C,ROD-RADIUS---,ROD-RADIUS,横向拉杆,13870.08,,,NTE240,070-0000
UR84107A,·PLUG-BRONZE---,PLUG-BRONZE,青铜堵,50.2,,,NTE240,050-0140
UR84153A,SUPPORT,SUPPORT,支座,679.44,,,NTE240,020-0010
UR84178A,PERSS PLATE,PERSS PLATE,压板,1898.22,,,NTE240,020-0010
UR84178C,PERSS PLATE,PERSS PLATE,压板,3143.46,,,NTE240,020-0010
UR84277C,BRACKET--GUIDE--,BRACKET- GUIDE,左导向块支架,5934.74,,,NTE240,020-0050
UR84277E,BRACKET--GUIDE--,BRACKET- GUIDE,右导向块支架,5934.74,,,NTE240,020-0050
UR84384A,FENDER---,PLATFORM,平台,1680.45,,,NTE240,020-0125
UR84448A,WASHER,WASHER SUNBBING FUEL TANK AND MOUNTING,大垫圈 燃油箱安装,30.29,Кузов,,NTE240,020-0030
UR85138A,STUD---,BOLT,螺柱,127.28,,,NTE240,070-0050 150-0010
UR85138F,STUD,STUD,双头螺栓,60.59,Передняя ось,,NTE240,070-0010
UR85720A,BRAKE DISC - REAR,BRAKE DISC REAR,后制动盘,6056.06,,,NTE240,080-0010
UR85888A,PLATE-HINGER,PLATE-HINGE,铰接板,370.98,,,NTE240,020-0070
UR85977C,SPACER-BUSHING---,SPACER-BUSHING,隔环,739.22,,,NTE240,070-0000
UR86074A,RETAINING---,RETAINING REAR BOX MTG. A． NOTE:,压板 桥箱及安装 注 序号 销总成包括序号,15.58,,,NTE240,070-0030
UR86205A,SHIM,TUNE,调隙片,1095.61,,,NTE240,030-0130 030-0140
UR86355C,RIM-ASSEMBLY--,RIM ASSEMBLY,轮辋总成,80138.45,,,NTE240,150-0010
UR86404B,BUSHING---,BUSHING,衬套,2285.99,,,NTE240,070-0000
UR86404G,SLEEVE-BEARING BORE,BUSHIGN,衬套,3432.7,,,NTE240,070-0000 070-0020
UR900743,·BOLT,BOLT,螺栓,39.84,,,NTE240,080-0010
UR900744,·GASKET,GASKET,垫片 注：,28.5,,,NTE240,080-0010
UR900748,··RING - HOLDING,RING HOLDING,保持环,31.24,,,NTE240,080-0010
UR900749,··WASHER - PLAIN,WASHER PLAIN,平垫片,37.13,,,NTE240,080-0010
UR900750,··SETTING BOLT SPRING,SETTING BOLT SPRING,压簧,126.91,,,NTE240,080-0010
UR900752,··BOLT,BOLT FRONT BRAKE CALIPER ASM. AND SEPARATELY INCLUDE IN SERVICE KITS. THE FOLLOWING IS OF KITS. DESCRIPTION 件号PART,螺栓 前制动总成 分别包含在对应的维修零件包内以下列出维修包的件号 件号 名称,39.1,,,NTE240,080-0010
UR900754,···PIN,PIN,销,29.38,,,NTE240,080-0010
UR900755,··PISTON ASSY,PISTON ASSY,活塞总成,2095.08,,,NTE240,080-0010
UR900757,··ROD ADJUSTING,ROD ADJUSTING,调节导杆,396.23,,,NTE240,080-0010
UR900774,··VALVE - RELIEF,VALVE RELIEF,排放阀,64.4,,,NTE240,080-0010
UR912611,·TUBE ASSY,TUBE ASSY,管总成,408.89,,,NTE240,080-0010
UR912615,·SPACER,SPACER,隔套,2205.6,,,NTE240,080-0010
UR912782,·SHIM,SHIM,调隙片,127.28,,,NTE240,080-0010
UR912944,GASKET,GASKET,垫片,28.5,,,NTE240,020-0010
UR913151,VALVE - RELIEF,VALVE RELIEF REAR BRAKE MTG,排放阀 后制动安装,43.64,,,NTE240,080-0010 080-0020
UR913240,WASHER PLAIN,WASHER PLAIN,垫片,9.54,,,NTE240,020-0010 020-0020 070-0000 070-0020 090-0150
UR913739,GASKET,GASKET LADDER AND RAILING MOUNTING,垫片 梯子和护栏安装,15.16,,,NTE240,020-0010 080-0010 080-0020
UR913744,BOLT,BOLT,六角头螺栓 序号分别包含在对应的维修零件包内以下列出维修包的件号,41.73,,,NTE240,080-0020
UR913745,WASHER,WASHER,垫圈,20.87,,,NTE240,070-0030 080-0020
UR913746,,CAP ITEM CORRESPONDING,盖板,,,,NTE240,080-0020
UR913749,PISTON,PISTON,活塞,1419.44,,,NTE240,080-0020
UR914068,KIT PARK BKE SHIM 29815 53455,,调隙片维修包SHIM,1428.87,,,NTE240,080-0010
UR914541,THRUST PLATE,THRUST PLATE,止推板,1392.97,,,NTE240,080-0020
UR915724,COMPONENTS,COMPONENTS,零件维修包,1682.52,,,NTE240,080-0010
UR915726,WASHER - HARDENED,WASHER HARDENED,淬火平垫圈,166.58,,,NTE240,080-0010
UR915727,PISTON & HOUSING ASSY 53455,PISTON AND HOUSING ASSY,活塞和壳体总成维修包,30601.59,Тормозная система,,NTE240,080-0010
UR915729,BOLT - FLUSH,BOLT FLUSH,平头螺栓,24.67,,,NTE240,080-0010
UR915730,FRICTION DISC ASSY,FRICTION DISC ASSY,摩擦片总成,1826.32,Тормозная система,,NTE240,080-0010
UR915731,WASHER - PLAIN,WASHER PLAIN,平垫圈,41.07,,,NTE240,080-0010
UR915732,CAP - PISTON,CAP PISTON,活塞冒,2297.55,,,NTE240,080-0010
UR915733,SPRING,SPRING,弹簧,251.73,,,NTE240,080-0010
UR915734,SPRING,SPRING,弹簧 注：,668.1,,,NTE240,080-0010
UR915735,PISTON,PISTON,活塞,7460.26,,,NTE240,080-0010
UR915736,HOUSING - PISTON,HOUSING PISTON DESCRIPTION,活塞壳体 序号 至 分别包含在对应的维修零件包内以下列出维修包的件号 维修包序号 件 名称,13740.62,,,NTE240,080-0010
UR915738,KIT-SEAL 53455,,密封件维修包SEAL,1623.84,Тормозная система,,NTE240,080-0010
UR915739,PARTS KIT-SHIM PACK,,调隙片维修包SHIM,2280.51,,,NTE240,080-0010
UR915766,CARRIER AND LINING ASSY,CARRIER AND LINING ASSY,摩擦片总成,1945.56,Тормозная система,,NTE240,080-0020
UR915785,·BRAKE BLOCK ASSY,BRAKE BLOCK ASSY,刹车片总成,2322.12,Тормозная система,,NTE240,080-0010
UR916084,KIT-REPAIR 55890,BRAKE CALIPER REPAIR KIT,,6001.11,Тормозная система,,NTE240,080-0020
UR916148,·SPACER,SPACER,隔圈,3956.33,,,NTE240,080-0010
UR916188,·PLATE - TORSION,PLATE TORSION,扭力板,10896.87,,,NTE240,080-0010
UR916189,·PLATE - TORSION,PLATE TORSION,扭力板,9926.82,,,NTE240,080-0010
UR916413,··SLEEVE - REGULATING,SLEEVE REGULA,调节衬套,626.0,,,NTE240,080-0010
UR916436,··PLATE - BAFFLE,PLATE BAFFLE,隔板,1180.77,,,NTE240,080-0010
UR947095,BEARING,BUSHING SEL ALIGN,关节轴承,2734.71,Задний мост,,NTE240,070-0000 070-0020
URA84734A,ROCK-DEFLECTOR--,ROCK DEFLECTOR,驾驶室护檐,3062.7,,,NTE240,020-0050
URF20871,,SLEEVE HEAT SHRINK,热缩套,,,,NTE240,020-0020
